artist,spotify_native_id,spotify_verified_enabled,spotify_latest_three_polls_succeeded,configured_spotify_poll_interval_seconds,independent_feed_count,verified_profile_feeds,bounded_search_feeds,independent_feeds_with_three_successes,independent_feed_errors,latest_independent_success_utc,media_availability,observed_at_utc
021kid,578d6XzxI0bCSi49dK0Qpx,true,true,45,1,1,0,1,,2026-10-07 18:07:39.419557+00:00,not_rechecked,2026-10-07T18:09:55.696087+00:00
Ali Ardavan,1j0dFZXmMgFlDAcjFh490M,true,true,45,1,1,0,1,,2026-10-07 18:07:54.527013+00:00,not_rechecked,2026-10-07T18:09:55.696087+00:00
Ali Geramy,5C2k7gNXFOiW09K3nCjBmq,true,true,45,1,1,0,1,,2026-10-07 18:09:04.941540+00:00,not_rechecked,2026-10-07T18:09:55.696087+00:00
Ali Sorena,1gNqCEatbX4cKskpTzyAsI,true,true,45,1,1,0,1,,2026-10-07 18:06:44.305074+00:00,not_rechecked,2026-10-07T18:09:55.696087+00:00
Alipasha,3uVb2GNMjiwv3talHFUvC1,true,true,45,2,2,0,2,,2026-10-07 18:08:12.532175+00:00,not_rechecked,2026-10-07T18:09:55.696087+00:00
Alireza Jj,3tecdksDTajgP8xxkuDgyJ,true,true,45,1,1,0,1,,2026-10-07 18:09:22.733874+00:00,not_rechecked,2026-10-07T18:09:55.696087+00:00
Amin Tijay,3JS9sHeI06RtolBR5s5O0L,true,true,45,1,1,0,1,,2026-10-07 18:07:04.621950+00:00,not_rechecked,2026-10-07T18:09:55.696087+00:00
Amir Khalvat,3mEVURCsHml1RKlcYjRyiy,true,true,45,1,1,0,1,,2026-10-07 18:07:27.986974+00:00,not_rechecked,2026-10-07T18:09:55.696087+00:00
Amir Ribar,1pi0dvF0ZMfD1d1KdR2r21,true,true,45,1,1,0,1,,2026-10-07 18:08:38.189898+00:00,not_rechecked,2026-10-07T18:09:55.696087+00:00
Amir Tataloo,5CEosSs2y4M9THNGI6mej8,true,true,45,2,2,0,2,,2026-10-07 18:09:21.254830+00:00,not_rechecked,2026-10-07T18:09:55.696087+00:00
Arman Miladi,3eqSr81gcNym9KLon3xcRR,true,true,45,1,0,1,1,,2026-10-07 18:09:13.852869+00:00,not_rechecked,2026-10-07T18:09:55.696087+00:00
Armin Zareei,4jUdmo1MCAWV2zEGc1uoEK,true,true,45,1,1,0,1,,2026-10-07 18:08:12.860440+00:00,not_rechecked,2026-10-07T18:09:55.696087+00:00
Arown,428w7JnH39SnN1ZejXhPmE,true,true,45,1,1,0,1,,2026-10-07 18:09:20.753992+00:00,not_rechecked,2026-10-07T18:09:55.696087+00:00
Arta,6gPKjPIXbBBnuLyLEq79Sz,true,true,45,2,2,0,2,,2026-10-07 18:08:13.060408+00:00,not_rechecked,2026-10-07T18:09:55.696087+00:00
Ashna,5Z0flsrz7Q8xJ2arSoYetY,true,true,45,2,2,0,2,,2026-10-07 18:09:13.663534+00:00,not_rechecked,2026-10-07T18:09:55.696087+00:00
Bahram,57LWeRc7ybAWTsS2vS1GA7,true,true,45,2,2,0,2,,2026-10-07 18:07:04.630867+00:00,not_rechecked,2026-10-07T18:09:55.696087+00:00
Bamdad,28PKM2pUlv1CXnc98XFVrY,true,true,45,1,1,0,1,,2026-10-07 18:08:23.453324+00:00,not_rechecked,2026-10-07T18:09:55.696087+00:00
Behzad Leito,4zNEj5bkHE0kNSpfIwgdvu,true,true,45,2,2,0,2,,2026-10-07 18:09:05.443573+00:00,not_rechecked,2026-10-07T18:09:55.696087+00:00
Canis,6OPdGHW0QD6WknWX2tlzJm,true,true,45,1,1,0,1,,2026-10-07 18:08:24.524749+00:00,not_rechecked,2026-10-07T18:09:55.696087+00:00
Catchybeatz,25JIQIFASUvrcnzFL9CQhZ,true,true,45,1,0,1,1,,2026-10-07 18:08:00.596281+00:00,not_rechecked,2026-10-07T18:09:55.696087+00:00
Chvrsi,7Hj58arwOvp6exTny9r5Ie,true,true,45,1,1,0,1,,2026-10-07 18:08:16.463361+00:00,not_rechecked,2026-10-07T18:09:55.696087+00:00
Dalu,0BX4QfYgm05DzBJyA6hqVJ,true,true,45,1,1,0,1,,2026-10-07 18:08:47.860244+00:00,not_rechecked,2026-10-07T18:09:55.696087+00:00
Daniyal,0bRZzB4e6Yj3B64Rcbs1vd,true,true,45,1,1,0,1,,2026-10-07 18:08:46.181010+00:00,not_rechecked,2026-10-07T18:09:55.696087+00:00
Dariu$h,3HQedAYh7K5YW4MD108gP3,true,true,45,1,1,0,1,,2026-10-07 18:08:16.479689+00:00,not_rechecked,2026-10-07T18:09:55.696087+00:00
Dorcci,6jj9lOTeZC28LkPoXK9hiT,true,true,45,1,1,0,1,,2026-10-07 18:07:53.132084+00:00,not_rechecked,2026-10-07T18:09:55.696087+00:00
Emad Ghavidel,32AFrGu19C0cGtRkgzJDAb,true,true,45,1,1,0,1,,2026-10-07 18:07:47.262380+00:00,not_rechecked,2026-10-07T18:09:55.696087+00:00
Erfan,1yPzb9mqugowOfUs2vIOgL,true,true,45,2,2,0,2,,2026-10-07 18:09:13.708096+00:00,not_rechecked,2026-10-07T18:09:55.696087+00:00
Eycin,3jXjY8STCMtS1T6d7xdw0r,true,true,45,1,1,0,1,,2026-10-07 18:08:26.196643+00:00,not_rechecked,2026-10-07T18:09:55.696087+00:00
Fadaei,5aWL79DpD45MzDMwCTZqsN,true,true,45,1,1,0,1,,2026-10-07 18:09:05.167758+00:00,not_rechecked,2026-10-07T18:09:55.696087+00:00
Gdaal,7mGDv3CYlPghTIWzE6tOpv,true,true,45,2,2,0,2,,2026-10-07 18:08:12.868644+00:00,not_rechecked,2026-10-07T18:09:55.696087+00:00
Hamid Sefat,0hnMiXDRQxJYr0TuSpCuiI,true,true,45,1,1,0,1,,2026-10-07 18:08:00.566114+00:00,not_rechecked,2026-10-07T18:09:55.696087+00:00
Heliyom,5GS60wuvILuGWpx9rMvRTQ,true,true,45,1,1,0,1,,2026-10-07 18:06:40.770187+00:00,not_rechecked,2026-10-07T18:09:55.696087+00:00
Hesam Tiem,6XsyaCX2jJLaS82vJoiiWi,true,true,45,1,1,0,1,,2026-10-07 18:07:39.410186+00:00,not_rechecked,2026-10-07T18:09:55.696087+00:00
Hichkas,2X90kCLyxyPeJ5nynJGbvT,true,true,45,1,1,0,1,,2026-10-07 18:08:46.681007+00:00,not_rechecked,2026-10-07T18:09:55.696087+00:00
Hiphopologist,45YMrIBH74j8e2wNlRSSdK,true,true,45,2,2,0,2,,2026-10-07 18:08:00.577036+00:00,not_rechecked,2026-10-07T18:09:55.696087+00:00
Ho3ein,5vVveQB8n4kETe67waTS3t,true,true,45,1,0,1,1,,2026-10-07 18:09:13.658950+00:00,not_rechecked,2026-10-07T18:09:55.696087+00:00
Hoomaan,6UJS43T8NPhmWmmpFY0hzP,true,true,45,1,1,0,1,,2026-10-07 18:07:47.953944+00:00,not_rechecked,2026-10-07T18:09:55.696087+00:00
Hossein Tiem,2ZgLpNVB2qQTifvz3l8xIY,true,true,45,2,2,0,2,,2026-10-07 18:06:59.771400+00:00,not_rechecked,2026-10-07T18:09:55.696087+00:00
Isam,2oJHjkrwOU6fFBoDiW1jDP,true,true,45,1,1,0,1,,2026-10-07 18:06:52.928116+00:00,not_rechecked,2026-10-07T18:09:55.696087+00:00
Koorosh Wantons,1UjD9VWeqDDlDSvNlnFTdl,true,true,45,1,1,0,1,,2026-10-07 18:08:33.070025+00:00,not_rechecked,2026-10-07T18:09:55.696087+00:00
Mamazi,4L42EENVSu2ZE8cwhVVeh8,true,true,45,1,1,0,1,,2026-10-07 18:07:39.360746+00:00,not_rechecked,2026-10-07T18:09:55.696087+00:00
Masin,0QKP5an5PwgDyG0QPsLRxe,true,true,45,1,1,0,1,,2026-10-07 18:09:13.702106+00:00,not_rechecked,2026-10-07T18:09:55.696087+00:00
Maslak,6ZWZCww4so7LacgTJiFTWb,true,true,45,1,1,0,1,,2026-10-07 18:06:39.063400+00:00,not_rechecked,2026-10-07T18:09:55.696087+00:00
Matin Fattahi,4ymFcVI8Yr4vK8xx2ybmLI,true,true,45,1,1,0,1,,2026-10-07 18:07:28.097868+00:00,not_rechecked,2026-10-07T18:09:55.696087+00:00
Mehrad Hidden,0jCVTRvQkILbJvpviTpvd1,true,true,45,2,2,0,2,,2026-10-07 18:06:38.911077+00:00,not_rechecked,2026-10-07T18:09:55.696087+00:00
Mehyad,2uGqYbaqHFEiKFOwfW0mUG,true,true,45,1,1,0,1,,2026-10-07 18:07:27.976397+00:00,not_rechecked,2026-10-07T18:09:55.696087+00:00
Naaji,0RUqk7JT0uRkJSL2VNytz2,true,true,45,1,1,0,1,,2026-10-07 18:09:05.720005+00:00,not_rechecked,2026-10-07T18:09:55.696087+00:00
Nazli Mcfian,5tLaq6yrpvEpoKyLoTbHoD,true,true,45,1,1,0,1,,2026-10-07 18:09:22.335022+00:00,not_rechecked,2026-10-07T18:09:55.696087+00:00
Octave,78rQak8MeKSOo0smoQOSVE,true,true,45,1,1,0,1,,2026-10-07 18:06:32.960941+00:00,not_rechecked,2026-10-07T18:09:55.696087+00:00
Parsa,34T7RZbXeBGkGRQEjKMRmE,true,true,45,1,1,0,1,,2026-10-07 18:06:51.324913+00:00,not_rechecked,2026-10-07T18:09:55.696087+00:00
Parsalip,3HdBTStjnFIoDKFSUQ0V1H,true,true,45,1,1,0,1,,2026-10-07 18:08:16.465072+00:00,not_rechecked,2026-10-07T18:09:55.696087+00:00
Poori,5uEEhLt2ETeApnvs40MOxk,true,true,45,1,1,0,1,,2026-10-07 18:08:16.449022+00:00,not_rechecked,2026-10-07T18:09:55.696087+00:00
Pouriya Adroit,7lH1vL9VXRSTutpZ0JOyim,true,true,45,2,2,0,2,,2026-10-07 18:07:34.349591+00:00,not_rechecked,2026-10-07T18:09:55.696087+00:00
Putak,1VURARf1CD5wkFgIexChyq,true,true,45,1,1,0,1,,2026-10-07 18:08:56.195096+00:00,not_rechecked,2026-10-07T18:09:55.696087+00:00
Quf,1LyLFeSDfvcGc8K6caTl05,true,true,45,1,0,1,1,,2026-10-07 18:07:39.413281+00:00,not_rechecked,2026-10-07T18:09:55.696087+00:00
Raha,0e6D1UNkt16eApxJuq0HaF,true,true,45,1,1,0,1,,2026-10-07 18:06:59.968024+00:00,not_rechecked,2026-10-07T18:09:55.696087+00:00
Reza Pishro,0u4qrFczDmAsJesHPgbnru,true,true,45,1,1,0,1,,2026-10-07 18:08:56.260121+00:00,not_rechecked,2026-10-07T18:09:55.696087+00:00
Saaren,2VdBGJO1rhGtMucV91hkhk,true,true,45,1,1,0,1,,2026-10-07 18:09:22.184927+00:00,not_rechecked,2026-10-07T18:09:55.696087+00:00
Sadegh,1PgsdK1Ll4oK28g6KLPOg1,true,true,45,1,1,0,1,,2026-10-07 18:06:51.988078+00:00,not_rechecked,2026-10-07T18:09:55.696087+00:00
Safir,5UvGzlSJuUhWwH6NojEKy2,true,true,45,1,1,0,1,,2026-10-07 18:08:56.175562+00:00,not_rechecked,2026-10-07T18:09:55.696087+00:00
Sajad Shahi,3VzZOmXc8pZRfNxoiliE1A,true,true,45,1,1,0,1,,2026-10-07 18:07:27.985560+00:00,not_rechecked,2026-10-07T18:09:55.696087+00:00
Saman Wilson,2CwNkCPsqVs4jRRpFJxR3H,true,true,45,1,0,1,1,,2026-10-07 18:09:04.940936+00:00,not_rechecked,2026-10-07T18:09:55.696087+00:00
Sami Low,4mST4sikQtpiH5dIkRxaCT,true,true,45,2,2,0,2,,2026-10-07 18:08:37.898317+00:00,not_rechecked,2026-10-07T18:09:55.696087+00:00
Sepehr Khalse,2SFwcduI9cdZsG6UxnBm3C,true,true,45,2,2,0,2,,2026-10-07 18:08:24.425677+00:00,not_rechecked,2026-10-07T18:09:55.696087+00:00
Shahin Najafi,1W5u8Bz2yimyuuI8QNYsNO,true,true,45,2,2,0,2,,2026-10-07 18:09:22.352092+00:00,not_rechecked,2026-10-07T18:09:55.696087+00:00
Shapur,6kbLiMnkNZHlvMpTv5iK9h,true,true,45,1,1,0,1,,2026-10-07 18:08:37.824079+00:00,not_rechecked,2026-10-07T18:09:55.696087+00:00
Shayan Yo,1auD6S9qViY72nLUvLrL6a,true,true,45,1,1,0,1,,2026-10-07 18:06:44.464388+00:00,not_rechecked,2026-10-07T18:09:55.696087+00:00
Shayea,3QNGoF6VzVNnkpjJDT3NHq,true,true,45,1,1,0,1,,2026-10-07 18:08:37.809100+00:00,not_rechecked,2026-10-07T18:09:55.696087+00:00
Sijal,5F0BGBdSL945Bzxrq8aGbn,true,true,45,2,2,0,2,,2026-10-07 18:08:26.224944+00:00,not_rechecked,2026-10-07T18:09:55.696087+00:00
Sina Mafee,7sqnywamVUfDallF46rrkv,true,true,45,1,1,0,1,,2026-10-07 18:08:12.047046+00:00,not_rechecked,2026-10-07T18:09:55.696087+00:00
Sina Sae,5er043agmHdVZkWTxL0Lpk,true,true,45,1,1,0,1,,2026-10-07 18:08:37.815928+00:00,not_rechecked,2026-10-07T18:09:55.696087+00:00
Sinazza,2su0Z5gmtSRUreY11ocP8M,true,true,45,1,1,0,1,,2026-10-07 18:07:53.363958+00:00,not_rechecked,2026-10-07T18:09:55.696087+00:00
Sogand,2mGkJsyXC8byI83UHSO4w1,true,true,45,1,1,0,1,,2026-10-07 18:08:12.856876+00:00,not_rechecked,2026-10-07T18:09:55.696087+00:00
Sohrab Mj,2B4DnBz9uzJN5nPgLEHCt7,true,true,45,1,1,0,1,,2026-10-07 18:09:21.453573+00:00,not_rechecked,2026-10-07T18:09:55.696087+00:00
The Don,4rBWAKUMmLkl685zvk0LBH,true,true,45,1,0,1,1,,2026-10-07 18:06:52.439942+00:00,not_rechecked,2026-10-07T18:09:55.696087+00:00
Tlkhoon,7rLK6i7WTUayoYIaudyxD7,true,true,45,1,1,0,1,,2026-10-07 18:08:00.865322+00:00,not_rechecked,2026-10-07T18:09:55.696087+00:00
Tohi,7pBXdJN9S9N9nNifjPixET,true,true,45,2,2,0,2,,2026-10-07 18:08:56.386994+00:00,not_rechecked,2026-10-07T18:09:55.696087+00:00
Vinak,1sKlyO3CCEvjeTN6Uck39S,true,true,45,1,1,0,1,,2026-10-07 18:07:46.978276+00:00,not_rechecked,2026-10-07T18:09:55.696087+00:00
XWHISKY,4TO3iG7Rd36IKRcMVvPi2U,true,true,45,1,0,1,1,,2026-10-07 18:08:47.034183+00:00,not_rechecked,2026-10-07T18:09:55.696087+00:00
Yas,7b8pXheEOc28fyFJnQzqmL,true,true,45,1,1,0,1,,2026-10-07 18:08:47.687111+00:00,not_rechecked,2026-10-07T18:09:55.696087+00:00
Young Sudden,0PGOS7VHyBpbxRhWgO4tZB,true,true,45,1,1,0,1,,2026-10-07 18:08:47.407976+00:00,not_rechecked,2026-10-07T18:09:55.696087+00:00
Zakhmi,4jE3X9cADx45YcmBiteecQ,true,true,45,1,0,1,1,,2026-10-07 18:07:55.442659+00:00,not_rechecked,2026-10-07T18:09:55.696087+00:00
poobon,4hdsAoRTkGU11DynAg7iTw,true,true,45,1,1,0,1,,2026-10-07 18:07:04.568585+00:00,not_rechecked,2026-10-07T18:09:55.696087+00:00
