generated_at,application_sha,artist,spotify_artist_id,discovery_source_id,poll_interval_seconds,discovery_verified_enabled,acquisition_profile_count,acquisition_platforms,acquisition_profiles,source_coverage,blocker,complete_audio_availability,last_success_at
2026-10-06T11:12:17.829356+00:00,5823944e08a840739e9f10e5b75236d4c082231a,021kid,578d6XzxI0bCSi49dK0Qpx,196,180,true,1,soundcloud,https://soundcloud.com/021kid,registered,,Must be checked per recording; a registered profile does not imply a complete available file,2026-10-06 11:10:27.046772+00:00
2026-10-06T11:12:17.829356+00:00,5823944e08a840739e9f10e5b75236d4c082231a,Ali Ardavan,1j0dFZXmMgFlDAcjFh490M,154,180,true,0,,,uncovered,No curated or corroborated acquisition profile registered,Must be checked per recording; a registered profile does not imply a complete available file,2026-10-06 11:10:27.046772+00:00
2026-10-06T11:12:17.829356+00:00,5823944e08a840739e9f10e5b75236d4c082231a,Ali Geramy,5C2k7gNXFOiW09K3nCjBmq,176,180,true,0,,,uncovered,No curated or corroborated acquisition profile registered,Must be checked per recording; a registered profile does not imply a complete available file,2026-10-06 11:10:27.046772+00:00
2026-10-06T11:12:17.829356+00:00,5823944e08a840739e9f10e5b75236d4c082231a,Ali Sorena,1gNqCEatbX4cKskpTzyAsI,138,180,true,1,soundcloud,https://soundcloud.com/alisorena,registered,,Must be checked per recording; a registered profile does not imply a complete available file,2026-10-06 11:10:27.046772+00:00
2026-10-06T11:12:17.829356+00:00,5823944e08a840739e9f10e5b75236d4c082231a,Alipasha,3uVb2GNMjiwv3talHFUvC1,199,180,true,2,soundcloud | youtube,https://soundcloud.com/ali_pashaw | https://www.youtube.com/channel/UCgGsytno4InJjM5rGUU4ioQ,registered,,Must be checked per recording; a registered profile does not imply a complete available file,2026-10-06 11:10:27.046772+00:00
2026-10-06T11:12:17.829356+00:00,5823944e08a840739e9f10e5b75236d4c082231a,Alireza Jj,3tecdksDTajgP8xxkuDgyJ,136,180,true,1,youtube,https://www.youtube.com/channel/UCN9jXNxik8yH_QYTk6JXHQw,registered,,Must be checked per recording; a registered profile does not imply a complete available file,2026-10-06 11:10:27.046772+00:00
2026-10-06T11:12:17.829356+00:00,5823944e08a840739e9f10e5b75236d4c082231a,Amin Tijay,3JS9sHeI06RtolBR5s5O0L,5,180,true,1,soundcloud,https://soundcloud.com/amintijayy,registered,,Must be checked per recording; a registered profile does not imply a complete available file,2026-10-06 11:10:27.046772+00:00
2026-10-06T11:12:17.829356+00:00,5823944e08a840739e9f10e5b75236d4c082231a,Amir Khalvat,3mEVURCsHml1RKlcYjRyiy,145,180,true,0,,,uncovered,No curated or corroborated acquisition profile registered,Must be checked per recording; a registered profile does not imply a complete available file,2026-10-06 11:10:27.046772+00:00
2026-10-06T11:12:17.829356+00:00,5823944e08a840739e9f10e5b75236d4c082231a,Amir Ribar,1pi0dvF0ZMfD1d1KdR2r21,168,180,true,1,soundcloud,https://soundcloud.com/realribar,registered,,Must be checked per recording; a registered profile does not imply a complete available file,2026-10-06 11:10:27.046772+00:00
2026-10-06T11:12:17.829356+00:00,5823944e08a840739e9f10e5b75236d4c082231a,Amir Tataloo,5CEosSs2y4M9THNGI6mej8,53,180,true,2,soundcloud | youtube,https://www.youtube.com/channel/UCQSqpl0NJPpLSecnfFsJCzg | https://soundcloud.com/amirtataloo,registered,,Must be checked per recording; a registered profile does not imply a complete available file,2026-10-06 11:10:27.046772+00:00
2026-10-06T11:12:17.829356+00:00,5823944e08a840739e9f10e5b75236d4c082231a,Arman Miladi,3eqSr81gcNym9KLon3xcRR,180,180,true,0,,,uncovered,No curated or corroborated acquisition profile registered,Must be checked per recording; a registered profile does not imply a complete available file,2026-10-06 11:10:27.046772+00:00
2026-10-06T11:12:17.829356+00:00,5823944e08a840739e9f10e5b75236d4c082231a,Armin Zareei,4jUdmo1MCAWV2zEGc1uoEK,149,180,true,0,,,uncovered,No curated or corroborated acquisition profile registered,Must be checked per recording; a registered profile does not imply a complete available file,2026-10-06 11:10:27.046772+00:00
2026-10-06T11:12:17.829356+00:00,5823944e08a840739e9f10e5b75236d4c082231a,Arown,428w7JnH39SnN1ZejXhPmE,185,180,true,0,,,uncovered,No curated or corroborated acquisition profile registered,Must be checked per recording; a registered profile does not imply a complete available file,2026-10-06 11:10:27.046772+00:00
2026-10-06T11:12:17.829356+00:00,5823944e08a840739e9f10e5b75236d4c082231a,Arta,6gPKjPIXbBBnuLyLEq79Sz,25,180,true,2,soundcloud | youtube,https://soundcloud.com/arta-mir | https://www.youtube.com/channel/UC6sBpFB-FdFGrkuxSkkKSzg,registered,,Must be checked per recording; a registered profile does not imply a complete available file,2026-10-06 11:10:27.046772+00:00
2026-10-06T11:12:17.829356+00:00,5823944e08a840739e9f10e5b75236d4c082231a,Ashna,5Z0flsrz7Q8xJ2arSoYetY,178,180,true,2,soundcloud | youtube,https://soundcloud.com/ashnarap | https://www.youtube.com/channel/UCs1CIUF8Pv3HNALIWo9VLsQ,registered,,Must be checked per recording; a registered profile does not imply a complete available file,2026-10-06 11:10:27.046772+00:00
2026-10-06T11:12:17.829356+00:00,5823944e08a840739e9f10e5b75236d4c082231a,Bahram,57LWeRc7ybAWTsS2vS1GA7,131,180,true,2,soundcloud | youtube,https://soundcloud.com/bahramnouraei | https://www.youtube.com/channel/UCeYaiksAjKAQ0xhEwVME2nA,registered,,Must be checked per recording; a registered profile does not imply a complete available file,2026-10-06 11:10:27.046772+00:00
2026-10-06T11:12:17.829356+00:00,5823944e08a840739e9f10e5b75236d4c082231a,Bamdad,28PKM2pUlv1CXnc98XFVrY,155,180,true,0,,,uncovered,No curated or corroborated acquisition profile registered,Must be checked per recording; a registered profile does not imply a complete available file,2026-10-06 11:10:27.046772+00:00
2026-10-06T11:12:17.829356+00:00,5823944e08a840739e9f10e5b75236d4c082231a,Behzad Leito,4zNEj5bkHE0kNSpfIwgdvu,33,180,true,2,soundcloud | youtube,https://soundcloud.com/bezilei | https://www.youtube.com/channel/UCAUHmF3bggPJHeRDn040QrQ,registered,,Must be checked per recording; a registered profile does not imply a complete available file,2026-10-06 11:10:27.046772+00:00
2026-10-06T11:12:17.829356+00:00,5823944e08a840739e9f10e5b75236d4c082231a,Canis,6OPdGHW0QD6WknWX2tlzJm,29,180,true,1,soundcloud,https://soundcloud.com/icanisofficial,registered,,Must be checked per recording; a registered profile does not imply a complete available file,2026-10-06 11:10:27.046772+00:00
2026-10-06T11:12:17.829356+00:00,5823944e08a840739e9f10e5b75236d4c082231a,Catchybeatz,25JIQIFASUvrcnzFL9CQhZ,152,180,true,0,,,uncovered,No curated or corroborated acquisition profile registered,Must be checked per recording; a registered profile does not imply a complete available file,2026-10-06 11:10:27.046772+00:00
2026-10-06T11:12:17.829356+00:00,5823944e08a840739e9f10e5b75236d4c082231a,Chvrsi,7Hj58arwOvp6exTny9r5Ie,21,180,true,1,soundcloud,https://soundcloud.com/chvrsi,registered,,Must be checked per recording; a registered profile does not imply a complete available file,2026-10-06 11:10:27.046772+00:00
2026-10-06T11:12:17.829356+00:00,5823944e08a840739e9f10e5b75236d4c082231a,Dalu,0BX4QfYgm05DzBJyA6hqVJ,167,180,true,0,,,uncovered,No curated or corroborated acquisition profile registered,Must be checked per recording; a registered profile does not imply a complete available file,2026-10-06 11:10:27.046772+00:00
2026-10-06T11:12:17.829356+00:00,5823944e08a840739e9f10e5b75236d4c082231a,Daniyal,0bRZzB4e6Yj3B64Rcbs1vd,160,180,true,1,soundcloud,https://soundcloud.com/daniyal_official,registered,,Must be checked per recording; a registered profile does not imply a complete available file,2026-10-06 11:10:27.046772+00:00
2026-10-06T11:12:17.829356+00:00,5823944e08a840739e9f10e5b75236d4c082231a,Dariu$h,3HQedAYh7K5YW4MD108gP3,156,180,true,0,,,uncovered,No curated or corroborated acquisition profile registered,Must be checked per recording; a registered profile does not imply a complete available file,2026-10-06 11:10:27.046772+00:00
2026-10-06T11:12:17.829356+00:00,5823944e08a840739e9f10e5b75236d4c082231a,Dorcci,6jj9lOTeZC28LkPoXK9hiT,17,180,true,1,youtube,https://www.youtube.com/channel/UC0z_FOHFZaE07YGbLVUzlQA,registered,,Must be checked per recording; a registered profile does not imply a complete available file,2026-10-06 11:10:27.046772+00:00
2026-10-06T11:12:17.829356+00:00,5823944e08a840739e9f10e5b75236d4c082231a,Emad Ghavidel,32AFrGu19C0cGtRkgzJDAb,147,180,true,1,soundcloud,https://soundcloud.com/ghavidelemad,registered,,Must be checked per recording; a registered profile does not imply a complete available file,2026-10-06 11:10:27.046772+00:00
2026-10-06T11:12:17.829356+00:00,5823944e08a840739e9f10e5b75236d4c082231a,Erfan,1yPzb9mqugowOfUs2vIOgL,51,180,true,2,soundcloud | youtube,https://soundcloud.com/erfanpaydar | https://www.youtube.com/channel/UCXlnypiISaMMwrlT6gphXkw,registered,,Must be checked per recording; a registered profile does not imply a complete available file,2026-10-06 11:10:27.046772+00:00
2026-10-06T11:12:17.829356+00:00,5823944e08a840739e9f10e5b75236d4c082231a,Eycin,3jXjY8STCMtS1T6d7xdw0r,165,180,true,1,soundcloud,https://soundcloud.com/eycin1,registered,,Must be checked per recording; a registered profile does not imply a complete available file,2026-10-06 11:10:27.046772+00:00
2026-10-06T11:12:17.829356+00:00,5823944e08a840739e9f10e5b75236d4c082231a,Fadaei,5aWL79DpD45MzDMwCTZqsN,39,180,true,0,,,uncovered,No curated or corroborated acquisition profile registered,Must be checked per recording; a registered profile does not imply a complete available file,2026-10-06 11:10:27.046772+00:00
2026-10-06T11:12:17.829356+00:00,5823944e08a840739e9f10e5b75236d4c082231a,Gdaal,7mGDv3CYlPghTIWzE6tOpv,143,180,true,2,soundcloud | youtube,https://soundcloud.com/gdaal | https://www.youtube.com/channel/UCKoCeLOJCnSFWQI19hHH4ng,registered,,Must be checked per recording; a registered profile does not imply a complete available file,2026-10-06 11:10:27.046772+00:00
2026-10-06T11:12:17.829356+00:00,5823944e08a840739e9f10e5b75236d4c082231a,Hamid Sefat,0hnMiXDRQxJYr0TuSpCuiI,153,180,true,0,,,uncovered,No curated or corroborated acquisition profile registered,Must be checked per recording; a registered profile does not imply a complete available file,2026-10-06 11:10:27.046772+00:00
2026-10-06T11:12:17.829356+00:00,5823944e08a840739e9f10e5b75236d4c082231a,Heliyom,5GS60wuvILuGWpx9rMvRTQ,182,180,true,0,,,uncovered,No curated or corroborated acquisition profile registered,Must be checked per recording; a registered profile does not imply a complete available file,2026-10-06 11:10:27.046772+00:00
2026-10-06T11:12:17.829356+00:00,5823944e08a840739e9f10e5b75236d4c082231a,Hesam Tiem,6XsyaCX2jJLaS82vJoiiWi,3,180,true,1,soundcloud,https://soundcloud.com/hesamtiem,registered,,Must be checked per recording; a registered profile does not imply a complete available file,2026-10-06 11:10:27.046772+00:00
2026-10-06T11:12:17.829356+00:00,5823944e08a840739e9f10e5b75236d4c082231a,Hichkas,2X90kCLyxyPeJ5nynJGbvT,42,180,true,1,youtube,https://www.youtube.com/channel/UCAnylXo06Lw_x8swLZhIosg,registered,,Must be checked per recording; a registered profile does not imply a complete available file,2026-10-06 11:10:27.046772+00:00
2026-10-06T11:12:17.829356+00:00,5823944e08a840739e9f10e5b75236d4c082231a,Hiphopologist,45YMrIBH74j8e2wNlRSSdK,19,180,true,2,soundcloud | youtube,https://soundcloud.com/hiphopologistsoroush | https://www.youtube.com/channel/UC9hh2kjGmB4hn_zmxgSbpLg,registered,,Must be checked per recording; a registered profile does not imply a complete available file,2026-10-06 11:10:27.046772+00:00
2026-10-06T11:12:17.829356+00:00,5823944e08a840739e9f10e5b75236d4c082231a,Ho3ein,5vVveQB8n4kETe67waTS3t,48,180,true,0,,,uncovered,No curated or corroborated acquisition profile registered,Must be checked per recording; a registered profile does not imply a complete available file,2026-10-06 11:10:27.046772+00:00
2026-10-06T11:12:17.829356+00:00,5823944e08a840739e9f10e5b75236d4c082231a,Hoomaan,6UJS43T8NPhmWmmpFY0hzP,13,180,true,1,soundcloud,https://soundcloud.com/hoomaanxx,registered,,Must be checked per recording; a registered profile does not imply a complete available file,2026-10-06 11:10:27.046772+00:00
2026-10-06T11:12:17.829356+00:00,5823944e08a840739e9f10e5b75236d4c082231a,Hossein Tiem,2ZgLpNVB2qQTifvz3l8xIY,1,180,true,2,soundcloud | youtube,https://www.youtube.com/channel/UCOIr1MHUDZ2-3styyCGFcyg | https://soundcloud.com/justiem,registered,,Must be checked per recording; a registered profile does not imply a complete available file,2026-10-06 11:10:27.046772+00:00
2026-10-06T11:12:17.829356+00:00,5823944e08a840739e9f10e5b75236d4c082231a,Isam,2oJHjkrwOU6fFBoDiW1jDP,184,180,true,0,,,uncovered,No curated or corroborated acquisition profile registered,Must be checked per recording; a registered profile does not imply a complete available file,2026-10-06 11:10:27.046772+00:00
2026-10-06T11:12:17.829356+00:00,5823944e08a840739e9f10e5b75236d4c082231a,Koorosh Wantons,1UjD9VWeqDDlDSvNlnFTdl,27,180,true,1,soundcloud,https://soundcloud.com/koorowsh420,registered,,Must be checked per recording; a registered profile does not imply a complete available file,2026-10-06 11:10:27.046772+00:00
2026-10-06T11:12:17.829356+00:00,5823944e08a840739e9f10e5b75236d4c082231a,Mamazi,4L42EENVSu2ZE8cwhVVeh8,7,180,true,1,soundcloud,https://soundcloud.com/mamazioma,registered,,Must be checked per recording; a registered profile does not imply a complete available file,2026-10-06 11:10:27.046772+00:00
2026-10-06T11:12:17.829356+00:00,5823944e08a840739e9f10e5b75236d4c082231a,Masin,0QKP5an5PwgDyG0QPsLRxe,171,180,true,1,soundcloud,https://soundcloud.com/masinrap,registered,,Must be checked per recording; a registered profile does not imply a complete available file,2026-10-06 11:10:27.046772+00:00
2026-10-06T11:12:17.829356+00:00,5823944e08a840739e9f10e5b75236d4c082231a,Maslak,6ZWZCww4so7LacgTJiFTWb,188,180,true,0,,,uncovered,No curated or corroborated acquisition profile registered,Must be checked per recording; a registered profile does not imply a complete available file,2026-10-06 11:10:27.046772+00:00
2026-10-06T11:12:17.829356+00:00,5823944e08a840739e9f10e5b75236d4c082231a,Matin Fattahi,4ymFcVI8Yr4vK8xx2ybmLI,194,180,true,1,soundcloud,https://soundcloud.com/matinfattahi,registered,,Must be checked per recording; a registered profile does not imply a complete available file,2026-10-06 11:10:27.046772+00:00
2026-10-06T11:12:17.829356+00:00,5823944e08a840739e9f10e5b75236d4c082231a,Mehrad Hidden,0jCVTRvQkILbJvpviTpvd1,56,180,true,2,soundcloud | youtube,https://soundcloud.com/mehradhiddenofficial | https://www.youtube.com/channel/UCfVFhU_qUhhOd1n49p3AdYg,registered,,Must be checked per recording; a registered profile does not imply a complete available file,2026-10-06 11:10:27.046772+00:00
2026-10-06T11:12:17.829356+00:00,5823944e08a840739e9f10e5b75236d4c082231a,Mehyad,2uGqYbaqHFEiKFOwfW0mUG,198,180,true,0,,,uncovered,No curated or corroborated acquisition profile registered,Must be checked per recording; a registered profile does not imply a complete available file,2026-10-06 11:10:27.046772+00:00
2026-10-06T11:12:17.829356+00:00,5823944e08a840739e9f10e5b75236d4c082231a,Naaji,0RUqk7JT0uRkJSL2VNytz2,174,180,true,1,soundcloud,https://soundcloud.com/naajiofficial,registered,,Must be checked per recording; a registered profile does not imply a complete available file,2026-10-06 11:10:27.046772+00:00
2026-10-06T11:12:17.829356+00:00,5823944e08a840739e9f10e5b75236d4c082231a,Nazli Mcfian,5tLaq6yrpvEpoKyLoTbHoD,192,180,true,1,youtube,https://www.youtube.com/channel/UCUchGWcXFBOiKYDPn-07kiQ,registered,,Must be checked per recording; a registered profile does not imply a complete available file,2026-10-06 11:10:27.046772+00:00
2026-10-06T11:12:17.829356+00:00,5823944e08a840739e9f10e5b75236d4c082231a,Octave,78rQak8MeKSOo0smoQOSVE,186,180,true,1,soundcloud,https://soundcloud.com/octaveonthebeat,registered,,Must be checked per recording; a registered profile does not imply a complete available file,2026-10-06 11:10:27.046772+00:00
2026-10-06T11:12:17.829356+00:00,5823944e08a840739e9f10e5b75236d4c082231a,Parsa,34T7RZbXeBGkGRQEjKMRmE,191,180,true,0,,,uncovered,No curated or corroborated acquisition profile registered,Must be checked per recording; a registered profile does not imply a complete available file,2026-10-06 11:10:27.046772+00:00
2026-10-06T11:12:17.829356+00:00,5823944e08a840739e9f10e5b75236d4c082231a,Parsalip,3HdBTStjnFIoDKFSUQ0V1H,157,180,true,0,,,uncovered,No curated or corroborated acquisition profile registered,Must be checked per recording; a registered profile does not imply a complete available file,2026-10-06 11:10:27.046772+00:00
2026-10-06T11:12:17.829356+00:00,5823944e08a840739e9f10e5b75236d4c082231a,Poori,5uEEhLt2ETeApnvs40MOxk,23,180,true,1,soundcloud,https://soundcloud.com/godpoori,registered,,Must be checked per recording; a registered profile does not imply a complete available file,2026-10-06 11:10:27.046772+00:00
2026-10-06T11:12:17.829356+00:00,5823944e08a840739e9f10e5b75236d4c082231a,Pouriya Adroit,7lH1vL9VXRSTutpZ0JOyim,202,180,true,2,soundcloud | youtube,https://soundcloud.com/poriyaadroit | https://www.youtube.com/channel/UCd1X71Klh_i5Qg_2MRCA7Mg,registered,,Must be checked per recording; a registered profile does not imply a complete available file,2026-10-06 11:10:27.046772+00:00
2026-10-06T11:12:17.829356+00:00,5823944e08a840739e9f10e5b75236d4c082231a,Putak,1VURARf1CD5wkFgIexChyq,158,180,true,1,soundcloud,https://soundcloud.com/pooriaputak,registered,,Must be checked per recording; a registered profile does not imply a complete available file,2026-10-06 11:10:27.046772+00:00
2026-10-06T11:12:17.829356+00:00,5823944e08a840739e9f10e5b75236d4c082231a,Quf,1LyLFeSDfvcGc8K6caTl05,137,180,true,0,,,uncovered,No curated or corroborated acquisition profile registered,Must be checked per recording; a registered profile does not imply a complete available file,2026-10-06 11:10:27.046772+00:00
2026-10-06T11:12:17.829356+00:00,5823944e08a840739e9f10e5b75236d4c082231a,Raha,0e6D1UNkt16eApxJuq0HaF,193,180,true,1,youtube,https://www.youtube.com/channel/UCVZvMbcLORWURnrf3jS-6oQ,registered,,Must be checked per recording; a registered profile does not imply a complete available file,2026-10-06 11:10:27.046772+00:00
2026-10-06T11:12:17.829356+00:00,5823944e08a840739e9f10e5b75236d4c082231a,Reza Pishro,0u4qrFczDmAsJesHPgbnru,46,180,true,1,youtube,https://www.youtube.com/channel/UCMuExOeiiefMDbzRa3rvQkw,registered,,Must be checked per recording; a registered profile does not imply a complete available file,2026-10-06 11:10:27.046772+00:00
2026-10-06T11:12:17.829356+00:00,5823944e08a840739e9f10e5b75236d4c082231a,Saaren,2VdBGJO1rhGtMucV91hkhk,181,180,true,1,youtube,https://www.youtube.com/channel/UCwxVSCsr84YJYh3-RG-QKmw,registered,,Must be checked per recording; a registered profile does not imply a complete available file,2026-10-06 11:10:27.046772+00:00
2026-10-06T11:12:17.829356+00:00,5823944e08a840739e9f10e5b75236d4c082231a,Sadegh,1PgsdK1Ll4oK28g6KLPOg1,140,180,true,1,soundcloud,https://soundcloud.com/sadeghvahedi,registered,,Must be checked per recording; a registered profile does not imply a complete available file,2026-10-06 11:10:27.046772+00:00
2026-10-06T11:12:17.829356+00:00,5823944e08a840739e9f10e5b75236d4c082231a,Safir,5UvGzlSJuUhWwH6NojEKy2,164,180,true,0,,,uncovered,No curated or corroborated acquisition profile registered,Must be checked per recording; a registered profile does not imply a complete available file,2026-10-06 11:10:27.046772+00:00
2026-10-06T11:12:17.829356+00:00,5823944e08a840739e9f10e5b75236d4c082231a,Sajad Shahi,3VzZOmXc8pZRfNxoiliE1A,9,180,true,1,youtube,https://www.youtube.com/channel/UCGY0lcde-2Okxh5uX2q6jTQ,registered,,Must be checked per recording; a registered profile does not imply a complete available file,2026-10-06 11:10:27.046772+00:00
2026-10-06T11:12:17.829356+00:00,5823944e08a840739e9f10e5b75236d4c082231a,Saman Wilson,2CwNkCPsqVs4jRRpFJxR3H,135,180,true,0,,,uncovered,No curated or corroborated acquisition profile registered,Must be checked per recording; a registered profile does not imply a complete available file,2026-10-06 11:10:27.046772+00:00
2026-10-06T11:12:17.829356+00:00,5823944e08a840739e9f10e5b75236d4c082231a,Sami Low,4mST4sikQtpiH5dIkRxaCT,162,180,true,2,soundcloud | youtube,https://soundcloud.com/samiloww | https://www.youtube.com/channel/UC1VILMbfUSEo5A1fA1_9btg,registered,,Must be checked per recording; a registered profile does not imply a complete available file,2026-10-06 11:10:27.046772+00:00
2026-10-06T11:12:17.829356+00:00,5823944e08a840739e9f10e5b75236d4c082231a,Sepehr Khalse,2SFwcduI9cdZsG6UxnBm3C,35,180,true,2,soundcloud | youtube,https://soundcloud.com/Khal3music | https://www.youtube.com/channel/UCAlNRreMmvbkNobqs7LeFTw,registered,,Must be checked per recording; a registered profile does not imply a complete available file,2026-10-06 11:10:27.046772+00:00
2026-10-06T11:12:17.829356+00:00,5823944e08a840739e9f10e5b75236d4c082231a,Shahin Najafi,1W5u8Bz2yimyuuI8QNYsNO,133,180,true,2,soundcloud | youtube,https://soundcloud.com/shahinnajafimusic | https://www.youtube.com/channel/UCBhTc0z1sm_I8kiPOy59sLQ,registered,,Must be checked per recording; a registered profile does not imply a complete available file,2026-10-06 11:10:27.046772+00:00
2026-10-06T11:12:17.829356+00:00,5823944e08a840739e9f10e5b75236d4c082231a,Shapur,6kbLiMnkNZHlvMpTv5iK9h,170,180,true,0,,,uncovered,No curated or corroborated acquisition profile registered,Must be checked per recording; a registered profile does not imply a complete available file,2026-10-06 11:10:27.046772+00:00
2026-10-06T11:12:17.829356+00:00,5823944e08a840739e9f10e5b75236d4c082231a,Shayan Yo,1auD6S9qViY72nLUvLrL6a,189,180,true,1,soundcloud,https://soundcloud.com/shayanyoo,registered,,Must be checked per recording; a registered profile does not imply a complete available file,2026-10-06 11:10:27.046772+00:00
2026-10-06T11:12:17.829356+00:00,5823944e08a840739e9f10e5b75236d4c082231a,Shayea,3QNGoF6VzVNnkpjJDT3NHq,37,180,true,1,youtube,https://www.youtube.com/channel/UCpuRiENTBMX5aAfFikudpUw,registered,,Must be checked per recording; a registered profile does not imply a complete available file,2026-10-06 11:10:27.046772+00:00
2026-10-06T11:12:17.829356+00:00,5823944e08a840739e9f10e5b75236d4c082231a,Sijal,5F0BGBdSL945Bzxrq8aGbn,31,180,true,2,soundcloud | youtube,https://soundcloud.com/sijalofficial | https://www.youtube.com/channel/UC8AXC03n95jkbQkvnnU9nFw,registered,,Must be checked per recording; a registered profile does not imply a complete available file,2026-10-06 11:10:27.046772+00:00
2026-10-06T11:12:17.829356+00:00,5823944e08a840739e9f10e5b75236d4c082231a,Sina Mafee,7sqnywamVUfDallF46rrkv,151,180,true,0,,,uncovered,No curated or corroborated acquisition profile registered,Must be checked per recording; a registered profile does not imply a complete available file,2026-10-06 11:10:27.046772+00:00
2026-10-06T11:12:17.829356+00:00,5823944e08a840739e9f10e5b75236d4c082231a,Sina Sae,5er043agmHdVZkWTxL0Lpk,40,180,true,1,soundcloud,https://soundcloud.com/sinasae,registered,,Must be checked per recording; a registered profile does not imply a complete available file,2026-10-06 11:10:27.046772+00:00
2026-10-06T11:12:17.829356+00:00,5823944e08a840739e9f10e5b75236d4c082231a,Sinazza,2su0Z5gmtSRUreY11ocP8M,11,180,true,1,soundcloud,https://soundcloud.com/sinazza,registered,,Must be checked per recording; a registered profile does not imply a complete available file,2026-10-06 11:10:27.046772+00:00
2026-10-06T11:12:17.829356+00:00,5823944e08a840739e9f10e5b75236d4c082231a,Sogand,2mGkJsyXC8byI83UHSO4w1,142,180,true,1,youtube,https://www.youtube.com/channel/UCT2Wf-w6DH0WePb2ACDw-jw,registered,,Must be checked per recording; a registered profile does not imply a complete available file,2026-10-06 11:10:27.046772+00:00
2026-10-06T11:12:17.829356+00:00,5823944e08a840739e9f10e5b75236d4c082231a,Sohrab Mj,2B4DnBz9uzJN5nPgLEHCt7,54,180,true,1,soundcloud,https://soundcloud.com/mjsohrab,registered,,Must be checked per recording; a registered profile does not imply a complete available file,2026-10-06 11:10:27.046772+00:00
2026-10-06T11:12:17.829356+00:00,5823944e08a840739e9f10e5b75236d4c082231a,The Don,4rBWAKUMmLkl685zvk0LBH,183,180,true,0,,,uncovered,No curated or corroborated acquisition profile registered,Must be checked per recording; a registered profile does not imply a complete available file,2026-10-06 11:10:27.046772+00:00
2026-10-06T11:12:17.829356+00:00,5823944e08a840739e9f10e5b75236d4c082231a,Tlkhoon,7rLK6i7WTUayoYIaudyxD7,201,180,true,0,,,uncovered,No curated or corroborated acquisition profile registered,Must be checked per recording; a registered profile does not imply a complete available file,2026-10-06 11:10:27.046772+00:00
2026-10-06T11:12:17.829356+00:00,5823944e08a840739e9f10e5b75236d4c082231a,Tohi,7pBXdJN9S9N9nNifjPixET,49,180,true,2,soundcloud | youtube,https://soundcloud.com/tohi | https://www.youtube.com/channel/UC7gWCUKoEq4BcxYtb_A7TGA,registered,,Must be checked per recording; a registered profile does not imply a complete available file,2026-10-06 11:10:27.046772+00:00
2026-10-06T11:12:17.829356+00:00,5823944e08a840739e9f10e5b75236d4c082231a,Vinak,1sKlyO3CCEvjeTN6Uck39S,15,180,true,1,soundcloud,https://soundcloud.com/elvinako,registered,,Must be checked per recording; a registered profile does not imply a complete available file,2026-10-06 11:10:27.046772+00:00
2026-10-06T11:12:17.829356+00:00,5823944e08a840739e9f10e5b75236d4c082231a,XWHISKY,4TO3iG7Rd36IKRcMVvPi2U,177,180,true,0,,,uncovered,No curated or corroborated acquisition profile registered,Must be checked per recording; a registered profile does not imply a complete available file,2026-10-06 11:10:27.046772+00:00
2026-10-06T11:12:17.829356+00:00,5823944e08a840739e9f10e5b75236d4c082231a,Yas,7b8pXheEOc28fyFJnQzqmL,44,180,true,1,youtube,https://www.youtube.com/channel/UC5gx0Pyl3UZ9YztuoZ-jFAQ,registered,,Must be checked per recording; a registered profile does not imply a complete available file,2026-10-06 11:10:27.046772+00:00
2026-10-06T11:12:17.829356+00:00,5823944e08a840739e9f10e5b75236d4c082231a,Young Sudden,0PGOS7VHyBpbxRhWgO4tZB,173,180,true,1,youtube,https://www.youtube.com/channel/UC818zwB5xJKJlK8ls6OFYsA,registered,,Must be checked per recording; a registered profile does not imply a complete available file,2026-10-06 11:10:27.046772+00:00
2026-10-06T11:12:17.829356+00:00,5823944e08a840739e9f10e5b75236d4c082231a,Zakhmi,4jE3X9cADx45YcmBiteecQ,150,180,true,0,,,uncovered,No curated or corroborated acquisition profile registered,Must be checked per recording; a registered profile does not imply a complete available file,2026-10-06 11:10:27.046772+00:00
2026-10-06T11:12:17.829356+00:00,5823944e08a840739e9f10e5b75236d4c082231a,poobon,4hdsAoRTkGU11DynAg7iTw,148,180,true,1,youtube,https://www.youtube.com/channel/UCOM4zsSA4rkG2BjZ0A5hTNg,registered,,Must be checked per recording; a registered profile does not imply a complete available file,2026-10-06 11:10:27.046772+00:00
