artist_id,artist,source_id,spotify_artist_id,slot,popular_rank,spotify_id,title,state,reason,message_id,observed_at,endpoint,market,generated_at,selection_application_sha,processing_application_sha
1,Hossein Tiem,1,2ZgLpNVB2qQTifvz3l8xIY,1,1,4dg45KS6u6MmE0rpiiuASt,Taghsire Mane,published,,47,2026-10-04T18:07:14.009149+00:00,https://api-partner.spotify.com/pathfinder/v1/query?operationName=queryArtistOverview,not explicitly supplied; anonymous server session,2026-10-05T12:13:16.795154+00:00,eb074f6e808836554ea474904473fc920bab039a,74a4c7c43a829018784f4c45728d0838ab2aa9e5
1,Hossein Tiem,1,2ZgLpNVB2qQTifvz3l8xIY,2,2,0h3LNmRdN2fD48Vb0IVqUI,KOBRA11,pending,No complete confidently matched recording in bounded verified catalogs/searches; inspect source/match evidence before manual upload.,,2026-10-04T18:07:14.009149+00:00,https://api-partner.spotify.com/pathfinder/v1/query?operationName=queryArtistOverview,not explicitly supplied; anonymous server session,2026-10-05T12:13:16.795154+00:00,eb074f6e808836554ea474904473fc920bab039a,74a4c7c43a829018784f4c45728d0838ab2aa9e5
2,Hesam Tiem,3,6XsyaCX2jJLaS82vJoiiWi,1,1,0IrFAuYmzjMY3pwEwifk7S,West SidE,published,,15,2026-10-04T18:07:16.511524+00:00,https://api-partner.spotify.com/pathfinder/v1/query?operationName=queryArtistOverview,not explicitly supplied; anonymous server session,2026-10-05T12:13:16.795154+00:00,eb074f6e808836554ea474904473fc920bab039a,74a4c7c43a829018784f4c45728d0838ab2aa9e5
2,Hesam Tiem,3,6XsyaCX2jJLaS82vJoiiWi,2,2,7u85LiXUjzEArSUn8BK6kL,Tuning,pending,No complete confidently matched recording in bounded verified catalogs/searches; inspect source/match evidence before manual upload. Candidate collaborator credits or music-video mix remain unverified; manual identity review required.,,2026-10-04T18:07:16.511524+00:00,https://api-partner.spotify.com/pathfinder/v1/query?operationName=queryArtistOverview,not explicitly supplied; anonymous server session,2026-10-05T12:13:16.795154+00:00,eb074f6e808836554ea474904473fc920bab039a,74a4c7c43a829018784f4c45728d0838ab2aa9e5
3,Amin Tijay,5,3JS9sHeI06RtolBR5s5O0L,1,1,6CfjLwPNwc1zG0sjS3zAeG,Chikar Kardi Baam,published,,16,2026-10-04T18:07:18.590682+00:00,https://api-partner.spotify.com/pathfinder/v1/query?operationName=queryArtistOverview,not explicitly supplied; anonymous server session,2026-10-05T12:13:16.795154+00:00,eb074f6e808836554ea474904473fc920bab039a,74a4c7c43a829018784f4c45728d0838ab2aa9e5
3,Amin Tijay,5,3JS9sHeI06RtolBR5s5O0L,2,2,3J3wsGmQ2v1W21Zq68DWsi,Love Dardesarsaaz,published,,17,2026-10-04T18:07:18.590682+00:00,https://api-partner.spotify.com/pathfinder/v1/query?operationName=queryArtistOverview,not explicitly supplied; anonymous server session,2026-10-05T12:13:16.795154+00:00,eb074f6e808836554ea474904473fc920bab039a,74a4c7c43a829018784f4c45728d0838ab2aa9e5
4,Mamazi,7,4L42EENVSu2ZE8cwhVVeh8,1,1,0nOTYCGtkJttIajOpwniMr,YND,published,,48,2026-10-04T18:07:20.964125+00:00,https://api-partner.spotify.com/pathfinder/v1/query?operationName=queryArtistOverview,not explicitly supplied; anonymous server session,2026-10-05T12:13:16.795154+00:00,eb074f6e808836554ea474904473fc920bab039a,74a4c7c43a829018784f4c45728d0838ab2aa9e5
4,Mamazi,7,4L42EENVSu2ZE8cwhVVeh8,2,2,5AE9yZC9jcrlYIMupRXbAJ,MARIO,pending,No corroborated credited acquisition profile yet; independent official links are required.,,2026-10-04T18:07:20.964125+00:00,https://api-partner.spotify.com/pathfinder/v1/query?operationName=queryArtistOverview,not explicitly supplied; anonymous server session,2026-10-05T12:13:16.795154+00:00,eb074f6e808836554ea474904473fc920bab039a,74a4c7c43a829018784f4c45728d0838ab2aa9e5
5,Sajad Shahi,9,3VzZOmXc8pZRfNxoiliE1A,1,1,3QmYSZE5mYQTSklmQhh4cA,Khastam,pending,No complete confidently matched recording in bounded verified catalogs/searches; inspect source/match evidence before manual upload. Candidate collaborator credits or music-video mix remain unverified; manual identity review required.,,2026-10-04T18:07:23.039061+00:00,https://api-partner.spotify.com/pathfinder/v1/query?operationName=queryArtistOverview,not explicitly supplied; anonymous server session,2026-10-05T12:13:16.795154+00:00,eb074f6e808836554ea474904473fc920bab039a,74a4c7c43a829018784f4c45728d0838ab2aa9e5
5,Sajad Shahi,9,3VzZOmXc8pZRfNxoiliE1A,2,2,6MHODqveDBQ14mMYSxQV4I,BAD FAAZ,pending,No complete confidently matched recording in bounded verified catalogs/searches; inspect source/match evidence before manual upload.,,2026-10-04T18:07:23.039061+00:00,https://api-partner.spotify.com/pathfinder/v1/query?operationName=queryArtistOverview,not explicitly supplied; anonymous server session,2026-10-05T12:13:16.795154+00:00,eb074f6e808836554ea474904473fc920bab039a,74a4c7c43a829018784f4c45728d0838ab2aa9e5
6,Sinazza,11,2su0Z5gmtSRUreY11ocP8M,1,1,2roGWnSQNZdVzZXXnEYMy9,Alan Kojayi,published,,18,2026-10-04T18:07:26.563337+00:00,https://api-partner.spotify.com/pathfinder/v1/query?operationName=queryArtistOverview,not explicitly supplied; anonymous server session,2026-10-05T12:13:16.795154+00:00,eb074f6e808836554ea474904473fc920bab039a,74a4c7c43a829018784f4c45728d0838ab2aa9e5
6,Sinazza,11,2su0Z5gmtSRUreY11ocP8M,2,2,2cSKIAaeIrGFHFCus74XvG,Rotation,published,,19,2026-10-04T18:07:26.563337+00:00,https://api-partner.spotify.com/pathfinder/v1/query?operationName=queryArtistOverview,not explicitly supplied; anonymous server session,2026-10-05T12:13:16.795154+00:00,eb074f6e808836554ea474904473fc920bab039a,74a4c7c43a829018784f4c45728d0838ab2aa9e5
7,Hoomaan,13,6UJS43T8NPhmWmmpFY0hzP,1,1,37zpmrbfybYgynvdt1v3pO,Goor,pending,No corroborated credited acquisition profile yet; independent official links are required.,,2026-10-04T18:07:32.158876+00:00,https://api-partner.spotify.com/pathfinder/v1/query?operationName=queryArtistOverview,not explicitly supplied; anonymous server session,2026-10-05T12:13:16.795154+00:00,eb074f6e808836554ea474904473fc920bab039a,74a4c7c43a829018784f4c45728d0838ab2aa9e5
7,Hoomaan,13,6UJS43T8NPhmWmmpFY0hzP,2,2,4d2ZY58NYA7bCnFzOKj9GO,Khatere,pending,No corroborated credited acquisition profile yet; independent official links are required.,,2026-10-04T18:07:32.158876+00:00,https://api-partner.spotify.com/pathfinder/v1/query?operationName=queryArtistOverview,not explicitly supplied; anonymous server session,2026-10-05T12:13:16.795154+00:00,eb074f6e808836554ea474904473fc920bab039a,74a4c7c43a829018784f4c45728d0838ab2aa9e5
8,Vinak,15,1sKlyO3CCEvjeTN6Uck39S,1,1,2Ty7bGT5io8tYoW8is7OeD,Mituni Mage,published,,20,2026-10-04T18:07:34.900872+00:00,https://api-partner.spotify.com/pathfinder/v1/query?operationName=queryArtistOverview,not explicitly supplied; anonymous server session,2026-10-05T12:13:16.795154+00:00,eb074f6e808836554ea474904473fc920bab039a,74a4c7c43a829018784f4c45728d0838ab2aa9e5
8,Vinak,15,1sKlyO3CCEvjeTN6Uck39S,2,2,1fARVjQyNPoMzG4aKDHRoo,Bi Marefat,pending,No complete confidently matched recording in bounded verified catalogs/searches; inspect source/match evidence before manual upload.,,2026-10-04T18:07:34.900872+00:00,https://api-partner.spotify.com/pathfinder/v1/query?operationName=queryArtistOverview,not explicitly supplied; anonymous server session,2026-10-05T12:13:16.795154+00:00,eb074f6e808836554ea474904473fc920bab039a,74a4c7c43a829018784f4c45728d0838ab2aa9e5
9,Dorcci,17,6jj9lOTeZC28LkPoXK9hiT,1,1,7hMOCMa4e5JE8eKvhqhaFG,Ghatle Amd,published,,49,2026-10-04T18:07:37.207786+00:00,https://api-partner.spotify.com/pathfinder/v1/query?operationName=queryArtistOverview,not explicitly supplied; anonymous server session,2026-10-05T12:13:16.795154+00:00,eb074f6e808836554ea474904473fc920bab039a,74a4c7c43a829018784f4c45728d0838ab2aa9e5
9,Dorcci,17,6jj9lOTeZC28LkPoXK9hiT,2,2,1YFAi3Mxuofp5tOUao2oaJ,ADDI,published,,50,2026-10-04T18:07:37.207786+00:00,https://api-partner.spotify.com/pathfinder/v1/query?operationName=queryArtistOverview,not explicitly supplied; anonymous server session,2026-10-05T12:13:16.795154+00:00,eb074f6e808836554ea474904473fc920bab039a,74a4c7c43a829018784f4c45728d0838ab2aa9e5
10,Hiphopologist,19,45YMrIBH74j8e2wNlRSSdK,1,1,4cfkjg7kpcBLfqqyD5QauZ,Bad Zaat,published,,21,2026-10-04T18:07:39.671373+00:00,https://api-partner.spotify.com/pathfinder/v1/query?operationName=queryArtistOverview,not explicitly supplied; anonymous server session,2026-10-05T12:13:16.795154+00:00,eb074f6e808836554ea474904473fc920bab039a,74a4c7c43a829018784f4c45728d0838ab2aa9e5
10,Hiphopologist,19,45YMrIBH74j8e2wNlRSSdK,2,2,16dERXbEiHg3EaB8u1AqnC,Boz,published,,22,2026-10-04T18:07:39.671373+00:00,https://api-partner.spotify.com/pathfinder/v1/query?operationName=queryArtistOverview,not explicitly supplied; anonymous server session,2026-10-05T12:13:16.795154+00:00,eb074f6e808836554ea474904473fc920bab039a,74a4c7c43a829018784f4c45728d0838ab2aa9e5
11,Chvrsi,21,7Hj58arwOvp6exTny9r5Ie,1,1,1IkGrC3bwlE05xiKnDcmZ9,Chera Rafti,published,,23,2026-10-04T18:07:42.643600+00:00,https://api-partner.spotify.com/pathfinder/v1/query?operationName=queryArtistOverview,not explicitly supplied; anonymous server session,2026-10-05T12:13:16.795154+00:00,eb074f6e808836554ea474904473fc920bab039a,74a4c7c43a829018784f4c45728d0838ab2aa9e5
11,Chvrsi,21,7Hj58arwOvp6exTny9r5Ie,2,2,1aVqUoNTNB7DkjOzfteYAB,Keshidi Par,published,,24,2026-10-04T18:07:42.643600+00:00,https://api-partner.spotify.com/pathfinder/v1/query?operationName=queryArtistOverview,not explicitly supplied; anonymous server session,2026-10-05T12:13:16.795154+00:00,eb074f6e808836554ea474904473fc920bab039a,74a4c7c43a829018784f4c45728d0838ab2aa9e5
12,Poori,23,5uEEhLt2ETeApnvs40MOxk,1,1,4DdMqLumalqB9sTU8pfng3,Miad Az Man Bar,pending,No complete confidently matched recording in bounded verified catalogs/searches; inspect source/match evidence before manual upload.,,2026-10-04T18:07:45.100900+00:00,https://api-partner.spotify.com/pathfinder/v1/query?operationName=queryArtistOverview,not explicitly supplied; anonymous server session,2026-10-05T12:13:16.795154+00:00,eb074f6e808836554ea474904473fc920bab039a,74a4c7c43a829018784f4c45728d0838ab2aa9e5
12,Poori,23,5uEEhLt2ETeApnvs40MOxk,2,2,1Pg9Ud6fVa7t1KC1shH9DB,HELA,pending,No corroborated credited acquisition profile yet; independent official links are required.,,2026-10-04T18:07:45.100900+00:00,https://api-partner.spotify.com/pathfinder/v1/query?operationName=queryArtistOverview,not explicitly supplied; anonymous server session,2026-10-05T12:13:16.795154+00:00,eb074f6e808836554ea474904473fc920bab039a,74a4c7c43a829018784f4c45728d0838ab2aa9e5
13,Arta,25,6gPKjPIXbBBnuLyLEq79Sz,1,1,1TObrO0jdGdHZ18c2hnDsW,Khooneye Man,pending,No complete confidently matched recording in bounded verified catalogs/searches; inspect source/match evidence before manual upload.,,2026-10-04T18:07:47.580657+00:00,https://api-partner.spotify.com/pathfinder/v1/query?operationName=queryArtistOverview,not explicitly supplied; anonymous server session,2026-10-05T12:13:16.795154+00:00,eb074f6e808836554ea474904473fc920bab039a,74a4c7c43a829018784f4c45728d0838ab2aa9e5
13,Arta,25,6gPKjPIXbBBnuLyLEq79Sz,2,2,4cd1aGMGvQzJ4FEUQQpFvs,Har Eshghi Mimirad,published,,25,2026-10-04T18:07:47.580657+00:00,https://api-partner.spotify.com/pathfinder/v1/query?operationName=queryArtistOverview,not explicitly supplied; anonymous server session,2026-10-05T12:13:16.795154+00:00,eb074f6e808836554ea474904473fc920bab039a,74a4c7c43a829018784f4c45728d0838ab2aa9e5
14,Koorosh Wantons,27,1UjD9VWeqDDlDSvNlnFTdl,1,1,1TObrO0jdGdHZ18c2hnDsW,Khooneye Man,pending,No complete confidently matched recording in bounded verified catalogs/searches; inspect source/match evidence before manual upload.,,2026-10-04T18:07:49.929086+00:00,https://api-partner.spotify.com/pathfinder/v1/query?operationName=queryArtistOverview,not explicitly supplied; anonymous server session,2026-10-05T12:13:16.795154+00:00,eb074f6e808836554ea474904473fc920bab039a,74a4c7c43a829018784f4c45728d0838ab2aa9e5
14,Koorosh Wantons,27,1UjD9VWeqDDlDSvNlnFTdl,2,2,5zbMTNdC75thvXmsd1BGzp,Befuckam,pending,No complete confidently matched recording in bounded verified catalogs/searches; inspect source/match evidence before manual upload. Candidate collaborator credits or music-video mix remain unverified; manual identity review required.,,2026-10-04T18:07:49.929086+00:00,https://api-partner.spotify.com/pathfinder/v1/query?operationName=queryArtistOverview,not explicitly supplied; anonymous server session,2026-10-05T12:13:16.795154+00:00,eb074f6e808836554ea474904473fc920bab039a,74a4c7c43a829018784f4c45728d0838ab2aa9e5
15,Canis,29,6OPdGHW0QD6WknWX2tlzJm,1,1,6sfCFsIMHYomdvo3pSnJZE,Dele Man,pending,No complete confidently matched recording in bounded verified catalogs/searches; inspect source/match evidence before manual upload. Candidate collaborator credits or music-video mix remain unverified; manual identity review required.,,2026-10-04T18:07:53.484293+00:00,https://api-partner.spotify.com/pathfinder/v1/query?operationName=queryArtistOverview,not explicitly supplied; anonymous server session,2026-10-05T12:13:16.795154+00:00,eb074f6e808836554ea474904473fc920bab039a,74a4c7c43a829018784f4c45728d0838ab2aa9e5
15,Canis,29,6OPdGHW0QD6WknWX2tlzJm,2,2,5YcGhka7szCfjd1Ec6xww3,Noghte Joosh,pending,No complete confidently matched recording in bounded verified catalogs/searches; inspect source/match evidence before manual upload.,,2026-10-04T18:07:53.484293+00:00,https://api-partner.spotify.com/pathfinder/v1/query?operationName=queryArtistOverview,not explicitly supplied; anonymous server session,2026-10-05T12:13:16.795154+00:00,eb074f6e808836554ea474904473fc920bab039a,74a4c7c43a829018784f4c45728d0838ab2aa9e5
16,Sijal,31,5F0BGBdSL945Bzxrq8aGbn,1,1,4shGMwLxYjEHaGqoGgbpw5,Fogholade,pending,No complete confidently matched recording in bounded verified catalogs/searches; inspect source/match evidence before manual upload. Candidate collaborator credits or music-video mix remain unverified; manual identity review required.,,2026-10-04T18:07:55.846965+00:00,https://api-partner.spotify.com/pathfinder/v1/query?operationName=queryArtistOverview,not explicitly supplied; anonymous server session,2026-10-05T12:13:16.795154+00:00,eb074f6e808836554ea474904473fc920bab039a,74a4c7c43a829018784f4c45728d0838ab2aa9e5
16,Sijal,31,5F0BGBdSL945Bzxrq8aGbn,2,2,5XauDXikxxSnvMfAbjUKeZ,Bargard,published,,9,2026-10-04T18:07:55.846965+00:00,https://api-partner.spotify.com/pathfinder/v1/query?operationName=queryArtistOverview,not explicitly supplied; anonymous server session,2026-10-05T12:13:16.795154+00:00,eb074f6e808836554ea474904473fc920bab039a,74a4c7c43a829018784f4c45728d0838ab2aa9e5
17,Behzad Leito,33,4zNEj5bkHE0kNSpfIwgdvu,1,1,0xJGuS0MYvyvzZnarcvhm8,Highway,published,,26,2026-10-04T18:07:57.918979+00:00,https://api-partner.spotify.com/pathfinder/v1/query?operationName=queryArtistOverview,not explicitly supplied; anonymous server session,2026-10-05T12:13:16.795154+00:00,eb074f6e808836554ea474904473fc920bab039a,74a4c7c43a829018784f4c45728d0838ab2aa9e5
17,Behzad Leito,33,4zNEj5bkHE0kNSpfIwgdvu,2,2,0FLzWaEqNCnxR6yzzalIKO,Ta Betoonam,published,,27,2026-10-04T18:07:57.918979+00:00,https://api-partner.spotify.com/pathfinder/v1/query?operationName=queryArtistOverview,not explicitly supplied; anonymous server session,2026-10-05T12:13:16.795154+00:00,eb074f6e808836554ea474904473fc920bab039a,74a4c7c43a829018784f4c45728d0838ab2aa9e5
18,Sepehr Khalse,35,2SFwcduI9cdZsG6UxnBm3C,1,1,1rVKUv7PpYwPBHqKXOgqdG,Delam Az Donya Gerefte,pending,No complete confidently matched recording in bounded verified catalogs/searches; inspect source/match evidence before manual upload.,,2026-10-04T18:08:00.288419+00:00,https://api-partner.spotify.com/pathfinder/v1/query?operationName=queryArtistOverview,not explicitly supplied; anonymous server session,2026-10-05T12:13:16.795154+00:00,eb074f6e808836554ea474904473fc920bab039a,74a4c7c43a829018784f4c45728d0838ab2aa9e5
18,Sepehr Khalse,35,2SFwcduI9cdZsG6UxnBm3C,2,2,1VtYA3U4UyMrhIfy95vL8q,Khodafez,published,,51,2026-10-04T18:08:00.288419+00:00,https://api-partner.spotify.com/pathfinder/v1/query?operationName=queryArtistOverview,not explicitly supplied; anonymous server session,2026-10-05T12:13:16.795154+00:00,eb074f6e808836554ea474904473fc920bab039a,74a4c7c43a829018784f4c45728d0838ab2aa9e5
19,Shayea,37,3QNGoF6VzVNnkpjJDT3NHq,1,1,0DYb1v4bxxh4NOVLtZk4nL,Boro Khoone,published,,52,2026-10-04T18:08:02.682666+00:00,https://api-partner.spotify.com/pathfinder/v1/query?operationName=queryArtistOverview,not explicitly supplied; anonymous server session,2026-10-05T12:13:16.795154+00:00,eb074f6e808836554ea474904473fc920bab039a,74a4c7c43a829018784f4c45728d0838ab2aa9e5
19,Shayea,37,3QNGoF6VzVNnkpjJDT3NHq,2,2,2TsQWYTrWTi89iA8YWiYw7,Romania,pending,No complete confidently matched recording in bounded verified catalogs/searches; inspect source/match evidence before manual upload.,,2026-10-04T18:08:02.682666+00:00,https://api-partner.spotify.com/pathfinder/v1/query?operationName=queryArtistOverview,not explicitly supplied; anonymous server session,2026-10-05T12:13:16.795154+00:00,eb074f6e808836554ea474904473fc920bab039a,74a4c7c43a829018784f4c45728d0838ab2aa9e5
20,Fadaei,39,5aWL79DpD45MzDMwCTZqsN,1,1,4hykqiMBDqLk7Mtofe7l92,Soghoot,pending,No corroborated credited acquisition profile yet; independent official links are required.,,2026-10-04T18:08:05.074223+00:00,https://api-partner.spotify.com/pathfinder/v1/query?operationName=queryArtistOverview,not explicitly supplied; anonymous server session,2026-10-05T12:13:16.795154+00:00,eb074f6e808836554ea474904473fc920bab039a,74a4c7c43a829018784f4c45728d0838ab2aa9e5
20,Fadaei,39,5aWL79DpD45MzDMwCTZqsN,2,2,6EIjTnSFL2ATKXeBpULVYR,Ma Yademoon Nemire,pending,No corroborated credited acquisition profile yet; independent official links are required.,,2026-10-04T18:08:05.074223+00:00,https://api-partner.spotify.com/pathfinder/v1/query?operationName=queryArtistOverview,not explicitly supplied; anonymous server session,2026-10-05T12:13:16.795154+00:00,eb074f6e808836554ea474904473fc920bab039a,74a4c7c43a829018784f4c45728d0838ab2aa9e5
21,Sina Sae,40,5er043agmHdVZkWTxL0Lpk,1,1,5UOmxN0r3u8oe4UgwOYHwJ,Deja vu,pending,No corroborated credited acquisition profile yet; independent official links are required.,,2026-10-04T18:08:08.372224+00:00,https://api-partner.spotify.com/pathfinder/v1/query?operationName=queryArtistOverview,not explicitly supplied; anonymous server session,2026-10-05T12:13:16.795154+00:00,eb074f6e808836554ea474904473fc920bab039a,74a4c7c43a829018784f4c45728d0838ab2aa9e5
21,Sina Sae,40,5er043agmHdVZkWTxL0Lpk,2,2,2sMIPMNi7EsclNvPxfXKiY,Metropolitan,pending,No corroborated credited acquisition profile yet; independent official links are required.,,2026-10-04T18:08:08.372224+00:00,https://api-partner.spotify.com/pathfinder/v1/query?operationName=queryArtistOverview,not explicitly supplied; anonymous server session,2026-10-05T12:13:16.795154+00:00,eb074f6e808836554ea474904473fc920bab039a,74a4c7c43a829018784f4c45728d0838ab2aa9e5
22,Hichkas,42,2X90kCLyxyPeJ5nynJGbvT,1,1,7wpdZLPwob9OzQOFDDHNER,Rooye Jenazat Miraghsam,published,,53,2026-10-04T18:08:10.879902+00:00,https://api-partner.spotify.com/pathfinder/v1/query?operationName=queryArtistOverview,not explicitly supplied; anonymous server session,2026-10-05T12:13:16.795154+00:00,eb074f6e808836554ea474904473fc920bab039a,74a4c7c43a829018784f4c45728d0838ab2aa9e5
22,Hichkas,42,2X90kCLyxyPeJ5nynJGbvT,2,2,2dQRmru5lr8BP9qvUSKoS9,Yani Chi Nemishe,published,,54,2026-10-04T18:08:10.879902+00:00,https://api-partner.spotify.com/pathfinder/v1/query?operationName=queryArtistOverview,not explicitly supplied; anonymous server session,2026-10-05T12:13:16.795154+00:00,eb074f6e808836554ea474904473fc920bab039a,74a4c7c43a829018784f4c45728d0838ab2aa9e5
23,Yas,44,7b8pXheEOc28fyFJnQzqmL,1,1,0I4FDDNlSdZMqKLoimDiqe,Esalat,pending,No complete confidently matched recording in bounded verified catalogs/searches; inspect source/match evidence before manual upload.,,2026-10-04T18:08:12.926206+00:00,https://api-partner.spotify.com/pathfinder/v1/query?operationName=queryArtistOverview,not explicitly supplied; anonymous server session,2026-10-05T12:13:16.795154+00:00,eb074f6e808836554ea474904473fc920bab039a,74a4c7c43a829018784f4c45728d0838ab2aa9e5
23,Yas,44,7b8pXheEOc28fyFJnQzqmL,2,2,5P7Q1nGwx6xQQExAAH5OZP,Sefareshi,pending,No complete confidently matched recording in bounded verified catalogs/searches; inspect source/match evidence before manual upload.,,2026-10-04T18:08:12.926206+00:00,https://api-partner.spotify.com/pathfinder/v1/query?operationName=queryArtistOverview,not explicitly supplied; anonymous server session,2026-10-05T12:13:16.795154+00:00,eb074f6e808836554ea474904473fc920bab039a,74a4c7c43a829018784f4c45728d0838ab2aa9e5
24,Reza Pishro,46,0u4qrFczDmAsJesHPgbnru,1,1,2HNGRV9leENxRpgyX4gkcR,Mirrors,pending,No complete confidently matched recording in bounded verified catalogs/searches; inspect source/match evidence before manual upload.,,2026-10-04T18:08:15.140849+00:00,https://api-partner.spotify.com/pathfinder/v1/query?operationName=queryArtistOverview,not explicitly supplied; anonymous server session,2026-10-05T12:13:16.795154+00:00,eb074f6e808836554ea474904473fc920bab039a,74a4c7c43a829018784f4c45728d0838ab2aa9e5
24,Reza Pishro,46,0u4qrFczDmAsJesHPgbnru,2,2,0lsZt7u0pys6KanpJmAzcs,Rock A Chock,pending,No complete confidently matched recording in bounded verified catalogs/searches; inspect source/match evidence before manual upload.,,2026-10-04T18:08:15.140849+00:00,https://api-partner.spotify.com/pathfinder/v1/query?operationName=queryArtistOverview,not explicitly supplied; anonymous server session,2026-10-05T12:13:16.795154+00:00,eb074f6e808836554ea474904473fc920bab039a,74a4c7c43a829018784f4c45728d0838ab2aa9e5
25,Ho3ein,48,5vVveQB8n4kETe67waTS3t,1,1,0GjX7igOYf7jzPtQHDss87,33,pending,No corroborated credited acquisition profile yet; independent official links are required.,,2026-10-04T18:08:19.001793+00:00,https://api-partner.spotify.com/pathfinder/v1/query?operationName=queryArtistOverview,not explicitly supplied; anonymous server session,2026-10-05T12:13:16.795154+00:00,eb074f6e808836554ea474904473fc920bab039a,74a4c7c43a829018784f4c45728d0838ab2aa9e5
25,Ho3ein,48,5vVveQB8n4kETe67waTS3t,2,2,22cRr8Qxt2Dy0lxAKcBJKl,Be Mula,published,,10,2026-10-04T18:08:19.001793+00:00,https://api-partner.spotify.com/pathfinder/v1/query?operationName=queryArtistOverview,not explicitly supplied; anonymous server session,2026-10-05T12:13:16.795154+00:00,eb074f6e808836554ea474904473fc920bab039a,74a4c7c43a829018784f4c45728d0838ab2aa9e5
26,Tohi,49,7pBXdJN9S9N9nNifjPixET,1,1,4GRCEbNhhgpHZOBMIyvFeJ,Ba Man Miraghsi (feat. Sami Beigi),pending,No complete confidently matched recording in bounded verified catalogs/searches; inspect source/match evidence before manual upload.,,2026-10-04T18:08:21.975502+00:00,https://api-partner.spotify.com/pathfinder/v1/query?operationName=queryArtistOverview,not explicitly supplied; anonymous server session,2026-10-05T12:13:16.795154+00:00,eb074f6e808836554ea474904473fc920bab039a,74a4c7c43a829018784f4c45728d0838ab2aa9e5
26,Tohi,49,7pBXdJN9S9N9nNifjPixET,2,2,5Khf1WwYdDPpJK1n24r8Ps,CD,published,,28,2026-10-04T18:08:21.975502+00:00,https://api-partner.spotify.com/pathfinder/v1/query?operationName=queryArtistOverview,not explicitly supplied; anonymous server session,2026-10-05T12:13:16.795154+00:00,eb074f6e808836554ea474904473fc920bab039a,74a4c7c43a829018784f4c45728d0838ab2aa9e5
27,Erfan,51,1yPzb9mqugowOfUs2vIOgL,1,1,2BoeI9kcFAf5EF52WHBYrP,Dashi,published,,11,2026-10-04T18:08:25.127798+00:00,https://api-partner.spotify.com/pathfinder/v1/query?operationName=queryArtistOverview,not explicitly supplied; anonymous server session,2026-10-05T12:13:16.795154+00:00,eb074f6e808836554ea474904473fc920bab039a,74a4c7c43a829018784f4c45728d0838ab2aa9e5
27,Erfan,51,1yPzb9mqugowOfUs2vIOgL,2,2,0D8atL0cgPBtTiNKoDZnwi,Sarnevesht,pending,No complete confidently matched recording in bounded verified catalogs/searches; inspect source/match evidence before manual upload. Candidate collaborator credits or music-video mix remain unverified; manual identity review required.,,2026-10-04T18:08:25.127798+00:00,https://api-partner.spotify.com/pathfinder/v1/query?operationName=queryArtistOverview,not explicitly supplied; anonymous server session,2026-10-05T12:13:16.795154+00:00,eb074f6e808836554ea474904473fc920bab039a,74a4c7c43a829018784f4c45728d0838ab2aa9e5
28,Amir Tataloo,53,5CEosSs2y4M9THNGI6mej8,1,1,7atsKtq14sRd7c78ChDFjh,Navazesh,published,,29,2026-10-04T18:08:27.758107+00:00,https://api-partner.spotify.com/pathfinder/v1/query?operationName=queryArtistOverview,not explicitly supplied; anonymous server session,2026-10-05T12:13:16.795154+00:00,eb074f6e808836554ea474904473fc920bab039a,74a4c7c43a829018784f4c45728d0838ab2aa9e5
28,Amir Tataloo,53,5CEosSs2y4M9THNGI6mej8,2,2,1A3JiBLAKkBZ2OfQEDIYwx,Man Bahat Ghahram,pending,No complete confidently matched recording in bounded verified catalogs/searches; inspect source/match evidence before manual upload.,,2026-10-04T18:08:27.758107+00:00,https://api-partner.spotify.com/pathfinder/v1/query?operationName=queryArtistOverview,not explicitly supplied; anonymous server session,2026-10-05T12:13:16.795154+00:00,eb074f6e808836554ea474904473fc920bab039a,74a4c7c43a829018784f4c45728d0838ab2aa9e5
29,Sohrab Mj,54,2B4DnBz9uzJN5nPgLEHCt7,1,1,7cOTzO1Zxan0BHd1Hs8rIN,12 Be Bad,pending,No corroborated credited acquisition profile yet; independent official links are required.,,2026-10-04T18:08:30.265230+00:00,https://api-partner.spotify.com/pathfinder/v1/query?operationName=queryArtistOverview,not explicitly supplied; anonymous server session,2026-10-05T12:13:16.795154+00:00,eb074f6e808836554ea474904473fc920bab039a,74a4c7c43a829018784f4c45728d0838ab2aa9e5
29,Sohrab Mj,54,2B4DnBz9uzJN5nPgLEHCt7,2,2,5yM6TlXdb2CUIAMoEJs9o3,Gangesh Balas,pending,No corroborated credited acquisition profile yet; independent official links are required.,,2026-10-04T18:08:30.265230+00:00,https://api-partner.spotify.com/pathfinder/v1/query?operationName=queryArtistOverview,not explicitly supplied; anonymous server session,2026-10-05T12:13:16.795154+00:00,eb074f6e808836554ea474904473fc920bab039a,74a4c7c43a829018784f4c45728d0838ab2aa9e5
30,Mehrad Hidden,56,0jCVTRvQkILbJvpviTpvd1,1,1,2sS3htenj2jGFO0DVz6zuv,Mano Bespar,published,,55,2026-10-04T18:08:32.793552+00:00,https://api-partner.spotify.com/pathfinder/v1/query?operationName=queryArtistOverview,not explicitly supplied; anonymous server session,2026-10-05T12:13:16.795154+00:00,eb074f6e808836554ea474904473fc920bab039a,74a4c7c43a829018784f4c45728d0838ab2aa9e5
30,Mehrad Hidden,56,0jCVTRvQkILbJvpviTpvd1,2,2,1VtYA3U4UyMrhIfy95vL8q,Khodafez,published,,51,2026-10-04T18:08:32.793552+00:00,https://api-partner.spotify.com/pathfinder/v1/query?operationName=queryArtistOverview,not explicitly supplied; anonymous server session,2026-10-05T12:13:16.795154+00:00,eb074f6e808836554ea474904473fc920bab039a,74a4c7c43a829018784f4c45728d0838ab2aa9e5
84,Bahram,131,57LWeRc7ybAWTsS2vS1GA7,1,1,1lEmjwe5EJFwpDHPbdEfR5,LAMS,published,,4,2026-10-04T18:08:35.669016+00:00,https://api-partner.spotify.com/pathfinder/v1/query?operationName=queryArtistOverview,not explicitly supplied; anonymous server session,2026-10-05T12:13:16.795154+00:00,eb074f6e808836554ea474904473fc920bab039a,74a4c7c43a829018784f4c45728d0838ab2aa9e5
84,Bahram,131,57LWeRc7ybAWTsS2vS1GA7,2,2,5wzAfgW9phTHNmE55cgaF8,Sangsar,pending,No complete confidently matched recording in bounded verified catalogs/searches; inspect source/match evidence before manual upload.,,2026-10-04T18:08:35.669016+00:00,https://api-partner.spotify.com/pathfinder/v1/query?operationName=queryArtistOverview,not explicitly supplied; anonymous server session,2026-10-05T12:13:16.795154+00:00,eb074f6e808836554ea474904473fc920bab039a,74a4c7c43a829018784f4c45728d0838ab2aa9e5
85,Shahin Najafi,133,1W5u8Bz2yimyuuI8QNYsNO,1,1,2BoeI9kcFAf5EF52WHBYrP,Dashi,published,,11,2026-10-04T18:08:38.379329+00:00,https://api-partner.spotify.com/pathfinder/v1/query?operationName=queryArtistOverview,not explicitly supplied; anonymous server session,2026-10-05T12:13:16.795154+00:00,eb074f6e808836554ea474904473fc920bab039a,74a4c7c43a829018784f4c45728d0838ab2aa9e5
85,Shahin Najafi,133,1W5u8Bz2yimyuuI8QNYsNO,2,2,3Ur3BpWj50OlzjMImmoyQy,209,published,,5,2026-10-04T18:08:38.379329+00:00,https://api-partner.spotify.com/pathfinder/v1/query?operationName=queryArtistOverview,not explicitly supplied; anonymous server session,2026-10-05T12:13:16.795154+00:00,eb074f6e808836554ea474904473fc920bab039a,74a4c7c43a829018784f4c45728d0838ab2aa9e5
86,Saman Wilson,135,2CwNkCPsqVs4jRRpFJxR3H,1,1,7BYWyzFJdtfVil3iv4a5HP,Bitab,published,,30,2026-10-04T18:08:40.433801+00:00,https://api-partner.spotify.com/pathfinder/v1/query?operationName=queryArtistOverview,not explicitly supplied; anonymous server session,2026-10-05T12:13:16.795154+00:00,eb074f6e808836554ea474904473fc920bab039a,74a4c7c43a829018784f4c45728d0838ab2aa9e5
86,Saman Wilson,135,2CwNkCPsqVs4jRRpFJxR3H,2,2,5GYOmFsUkDRv2pbd3Ten4V,Yeki Dige,published,,31,2026-10-04T18:08:40.433801+00:00,https://api-partner.spotify.com/pathfinder/v1/query?operationName=queryArtistOverview,not explicitly supplied; anonymous server session,2026-10-05T12:13:16.795154+00:00,eb074f6e808836554ea474904473fc920bab039a,74a4c7c43a829018784f4c45728d0838ab2aa9e5
87,Alireza Jj,136,3tecdksDTajgP8xxkuDgyJ,1,1,5y3FM8OQ6kEbULBRM6OCCs,Berim Baham,acquiring,No complete confidently matched recording in bounded verified catalogs/searches; inspect source/match evidence before manual upload. Provider access blocked: youtube: yt-dlp failed (1): ERROR: [youtube] MjXvzV3D-bM: Sign in to confirm you’re not a bot. Use --cookies-from-browser or --cookies for the authentication. See [redacted-url] for how to manually pass cookies. Also see [redacted-url] for tips on effectively exporting YouTube cookies,,2026-10-04T18:08:42.947620+00:00,https://api-partner.spotify.com/pathfinder/v1/query?operationName=queryArtistOverview,not explicitly supplied; anonymous server session,2026-10-05T12:13:16.795154+00:00,eb074f6e808836554ea474904473fc920bab039a,74a4c7c43a829018784f4c45728d0838ab2aa9e5
87,Alireza Jj,136,3tecdksDTajgP8xxkuDgyJ,2,2,09SM1162AZUqolpvGySBgV,+3:30 Tehran Maserati,pending,No complete confidently matched recording in bounded verified catalogs/searches; inspect source/match evidence before manual upload. Provider access blocked: youtube: yt-dlp failed (1): ERROR: [youtube] MjXvzV3D-bM: Sign in to confirm you’re not a bot. Use --cookies-from-browser or --cookies for the authentication. See [redacted-url] for how to manually pass cookies. Also see [redacted-url] for tips on effectively exporting YouTube cookies,,2026-10-04T18:08:42.947620+00:00,https://api-partner.spotify.com/pathfinder/v1/query?operationName=queryArtistOverview,not explicitly supplied; anonymous server session,2026-10-05T12:13:16.795154+00:00,eb074f6e808836554ea474904473fc920bab039a,74a4c7c43a829018784f4c45728d0838ab2aa9e5
88,Quf,137,1LyLFeSDfvcGc8K6caTl05,1,1,7Ds90uJ6N00Zzitu4lF3mC,Basse Moftbari,pending,No corroborated credited acquisition profile yet; independent official links are required.,,2026-10-04T18:08:45.310670+00:00,https://api-partner.spotify.com/pathfinder/v1/query?operationName=queryArtistOverview,not explicitly supplied; anonymous server session,2026-10-05T12:13:16.795154+00:00,eb074f6e808836554ea474904473fc920bab039a,74a4c7c43a829018784f4c45728d0838ab2aa9e5
88,Quf,137,1LyLFeSDfvcGc8K6caTl05,2,2,6qZzztiZFkPenPWN1Es4A7,Shak (feat. Fadaei),pending,No corroborated credited acquisition profile yet; independent official links are required.,,2026-10-04T18:08:45.310670+00:00,https://api-partner.spotify.com/pathfinder/v1/query?operationName=queryArtistOverview,not explicitly supplied; anonymous server session,2026-10-05T12:13:16.795154+00:00,eb074f6e808836554ea474904473fc920bab039a,74a4c7c43a829018784f4c45728d0838ab2aa9e5
89,Ali Sorena,138,1gNqCEatbX4cKskpTzyAsI,1,1,57AuUmLlMiuESb9sGCdqaw,Goriz Az Markaz ...,published,,32,2026-10-04T18:08:47.434087+00:00,https://api-partner.spotify.com/pathfinder/v1/query?operationName=queryArtistOverview,not explicitly supplied; anonymous server session,2026-10-05T12:13:16.795154+00:00,eb074f6e808836554ea474904473fc920bab039a,74a4c7c43a829018784f4c45728d0838ab2aa9e5
89,Ali Sorena,138,1gNqCEatbX4cKskpTzyAsI,2,2,2QvsCDwcXEgJx8TiRllBEE,Raghs (Pichak),pending,No complete confidently matched recording in bounded verified catalogs/searches; inspect source/match evidence before manual upload. Provider access blocked: youtube: yt-dlp failed (1): ERROR: [youtube] MjXvzV3D-bM: Sign in to confirm you’re not a bot. Use --cookies-from-browser or --cookies for the authentication. See [redacted-url] for how to manually pass cookies. Also see [redacted-url] for tips on effectively exporting YouTube cookies,,2026-10-04T18:08:47.434087+00:00,https://api-partner.spotify.com/pathfinder/v1/query?operationName=queryArtistOverview,not explicitly supplied; anonymous server session,2026-10-05T12:13:16.795154+00:00,eb074f6e808836554ea474904473fc920bab039a,74a4c7c43a829018784f4c45728d0838ab2aa9e5
90,Sadegh,140,1PgsdK1Ll4oK28g6KLPOg1,1,1,1LPfNTQsAZMV4N7U3K9EDi,Shaba,published,,33,2026-10-04T18:08:50.158684+00:00,https://api-partner.spotify.com/pathfinder/v1/query?operationName=queryArtistOverview,not explicitly supplied; anonymous server session,2026-10-05T12:13:16.795154+00:00,eb074f6e808836554ea474904473fc920bab039a,74a4c7c43a829018784f4c45728d0838ab2aa9e5
90,Sadegh,140,1PgsdK1Ll4oK28g6KLPOg1,2,2,0Upjis4g7bYm0Jf6ncz9iv,Baraye,pending,No complete confidently matched recording in bounded verified catalogs/searches; inspect source/match evidence before manual upload. Provider access blocked: youtube: yt-dlp failed (1): ERROR: [youtube] MjXvzV3D-bM: Sign in to confirm you’re not a bot. Use --cookies-from-browser or --cookies for the authentication. See [redacted-url] for how to manually pass cookies. Also see [redacted-url] for tips on effectively exporting YouTube cookies,,2026-10-04T18:08:50.158684+00:00,https://api-partner.spotify.com/pathfinder/v1/query?operationName=queryArtistOverview,not explicitly supplied; anonymous server session,2026-10-05T12:13:16.795154+00:00,eb074f6e808836554ea474904473fc920bab039a,74a4c7c43a829018784f4c45728d0838ab2aa9e5
91,Sogand,142,2mGkJsyXC8byI83UHSO4w1,1,1,1BKTPxatS4DHzUmI6XdsEO,Dashte Parvaneha,pending,No complete confidently matched recording in bounded verified catalogs/searches; inspect source/match evidence before manual upload. Provider access blocked: youtube: yt-dlp failed (1): ERROR: [youtube] MjXvzV3D-bM: Sign in to confirm you’re not a bot. Use --cookies-from-browser or --cookies for the authentication. See [redacted-url] for how to manually pass cookies. Also see [redacted-url] for tips on effectively exporting YouTube cookies,,2026-10-04T18:08:52.659280+00:00,https://api-partner.spotify.com/pathfinder/v1/query?operationName=queryArtistOverview,not explicitly supplied; anonymous server session,2026-10-05T12:13:16.795154+00:00,eb074f6e808836554ea474904473fc920bab039a,74a4c7c43a829018784f4c45728d0838ab2aa9e5
91,Sogand,142,2mGkJsyXC8byI83UHSO4w1,2,2,7HPAQ6dZ0Ug779oePVRX4m,Marize Ham,published,,34,2026-10-04T18:08:52.659280+00:00,https://api-partner.spotify.com/pathfinder/v1/query?operationName=queryArtistOverview,not explicitly supplied; anonymous server session,2026-10-05T12:13:16.795154+00:00,eb074f6e808836554ea474904473fc920bab039a,74a4c7c43a829018784f4c45728d0838ab2aa9e5
92,Gdaal,143,7mGDv3CYlPghTIWzE6tOpv,1,1,0D8atL0cgPBtTiNKoDZnwi,Sarnevesht,pending,No complete confidently matched recording in bounded verified catalogs/searches; inspect source/match evidence before manual upload. Candidate collaborator credits or music-video mix remain unverified; manual identity review required.,,2026-10-04T18:08:54.961117+00:00,https://api-partner.spotify.com/pathfinder/v1/query?operationName=queryArtistOverview,not explicitly supplied; anonymous server session,2026-10-05T12:13:16.795154+00:00,eb074f6e808836554ea474904473fc920bab039a,74a4c7c43a829018784f4c45728d0838ab2aa9e5
92,Gdaal,143,7mGDv3CYlPghTIWzE6tOpv,2,2,1Z5hbODdBpOw0ZVgKwDETC,Mage Man Mordam,pending,No complete confidently matched recording in bounded verified catalogs/searches; inspect source/match evidence before manual upload. Provider access blocked: youtube: yt-dlp failed (1): ERROR: [youtube] MjXvzV3D-bM: Sign in to confirm you’re not a bot. Use --cookies-from-browser or --cookies for the authentication. See [redacted-url] for how to manually pass cookies. Also see [redacted-url] for tips on effectively exporting YouTube cookies,,2026-10-04T18:08:54.961117+00:00,https://api-partner.spotify.com/pathfinder/v1/query?operationName=queryArtistOverview,not explicitly supplied; anonymous server session,2026-10-05T12:13:16.795154+00:00,eb074f6e808836554ea474904473fc920bab039a,74a4c7c43a829018784f4c45728d0838ab2aa9e5
93,Amir Khalvat,145,3mEVURCsHml1RKlcYjRyiy,1,1,4lfsJV6mIJPKSdBm38ECQl,Dige Chi Kame?,pending,No corroborated credited acquisition profile yet; independent official links are required.,,2026-10-04T18:08:57.678390+00:00,https://api-partner.spotify.com/pathfinder/v1/query?operationName=queryArtistOverview,not explicitly supplied; anonymous server session,2026-10-05T12:13:16.795154+00:00,eb074f6e808836554ea474904473fc920bab039a,74a4c7c43a829018784f4c45728d0838ab2aa9e5
93,Amir Khalvat,145,3mEVURCsHml1RKlcYjRyiy,2,2,3YMEwXy2RHguCv1vrDiEDn,Paranoia (FreeStyle),pending,No corroborated credited acquisition profile yet; independent official links are required.,,2026-10-04T18:08:57.678390+00:00,https://api-partner.spotify.com/pathfinder/v1/query?operationName=queryArtistOverview,not explicitly supplied; anonymous server session,2026-10-05T12:13:16.795154+00:00,eb074f6e808836554ea474904473fc920bab039a,74a4c7c43a829018784f4c45728d0838ab2aa9e5
94,Emad Ghavidel,147,32AFrGu19C0cGtRkgzJDAb,1,1,6f8ginsFVrSDwG88elopa6,Masire Dard,published,,6,2026-10-04T18:09:00.942584+00:00,https://api-partner.spotify.com/pathfinder/v1/query?operationName=queryArtistOverview,not explicitly supplied; anonymous server session,2026-10-05T12:13:16.795154+00:00,eb074f6e808836554ea474904473fc920bab039a,74a4c7c43a829018784f4c45728d0838ab2aa9e5
94,Emad Ghavidel,147,32AFrGu19C0cGtRkgzJDAb,2,2,0IP6pLlvgOJvSEyUIzfT2q,Battle for Homs,published,,12,2026-10-04T18:09:00.942584+00:00,https://api-partner.spotify.com/pathfinder/v1/query?operationName=queryArtistOverview,not explicitly supplied; anonymous server session,2026-10-05T12:13:16.795154+00:00,eb074f6e808836554ea474904473fc920bab039a,74a4c7c43a829018784f4c45728d0838ab2aa9e5
95,poobon,148,4hdsAoRTkGU11DynAg7iTw,1,1,0fMp12wauy5N65c9fep2g5,KI,pending,No complete confidently matched recording in bounded verified catalogs/searches; inspect source/match evidence before manual upload. Provider access blocked: youtube: yt-dlp failed (1): ERROR: [youtube] MjXvzV3D-bM: Sign in to confirm you’re not a bot. Use --cookies-from-browser or --cookies for the authentication. See [redacted-url] for how to manually pass cookies. Also see [redacted-url] for tips on effectively exporting YouTube cookies,,2026-10-04T18:09:03.634345+00:00,https://api-partner.spotify.com/pathfinder/v1/query?operationName=queryArtistOverview,not explicitly supplied; anonymous server session,2026-10-05T12:13:16.795154+00:00,eb074f6e808836554ea474904473fc920bab039a,74a4c7c43a829018784f4c45728d0838ab2aa9e5
95,poobon,148,4hdsAoRTkGU11DynAg7iTw,2,2,3RGhl4wCg4yKMVMiMQHi1u,Mohem Ni,published,,35,2026-10-04T18:09:03.634345+00:00,https://api-partner.spotify.com/pathfinder/v1/query?operationName=queryArtistOverview,not explicitly supplied; anonymous server session,2026-10-05T12:13:16.795154+00:00,eb074f6e808836554ea474904473fc920bab039a,74a4c7c43a829018784f4c45728d0838ab2aa9e5
96,Armin Zareei,149,4jUdmo1MCAWV2zEGc1uoEK,1,1,1DGBjp2Mt7bmkAFMIWtQit,Hala Hey,pending,No corroborated credited acquisition profile yet; independent official links are required.,,2026-10-04T18:09:06.453873+00:00,https://api-partner.spotify.com/pathfinder/v1/query?operationName=queryArtistOverview,not explicitly supplied; anonymous server session,2026-10-05T12:13:16.795154+00:00,eb074f6e808836554ea474904473fc920bab039a,74a4c7c43a829018784f4c45728d0838ab2aa9e5
96,Armin Zareei,149,4jUdmo1MCAWV2zEGc1uoEK,2,2,4UJPI5byXJOPVyOlzwMnzo,Begoo Kojaei,pending,No corroborated credited acquisition profile yet; independent official links are required.,,2026-10-04T18:09:06.453873+00:00,https://api-partner.spotify.com/pathfinder/v1/query?operationName=queryArtistOverview,not explicitly supplied; anonymous server session,2026-10-05T12:13:16.795154+00:00,eb074f6e808836554ea474904473fc920bab039a,74a4c7c43a829018784f4c45728d0838ab2aa9e5
97,Zakhmi,150,4jE3X9cADx45YcmBiteecQ,1,1,3HszNWvfqpEWq12dFUNbO5,Heyf,pending,No complete confidently matched recording in bounded verified catalogs/searches; inspect source/match evidence before manual upload. Provider access blocked: youtube: yt-dlp failed (1): ERROR: [youtube] MjXvzV3D-bM: Sign in to confirm you’re not a bot. Use --cookies-from-browser or --cookies for the authentication. See [redacted-url] for how to manually pass cookies. Also see [redacted-url] for tips on effectively exporting YouTube cookies,,2026-10-04T18:09:09.343615+00:00,https://api-partner.spotify.com/pathfinder/v1/query?operationName=queryArtistOverview,not explicitly supplied; anonymous server session,2026-10-05T12:13:16.795154+00:00,eb074f6e808836554ea474904473fc920bab039a,74a4c7c43a829018784f4c45728d0838ab2aa9e5
97,Zakhmi,150,4jE3X9cADx45YcmBiteecQ,2,2,1RURbkNY9dVRq7vCoqmYc4,Migzare,pending,No complete confidently matched recording in bounded verified catalogs/searches; inspect source/match evidence before manual upload. Provider access blocked: youtube: yt-dlp failed (1): ERROR: [youtube] MjXvzV3D-bM: Sign in to confirm you’re not a bot. Use --cookies-from-browser or --cookies for the authentication. See [redacted-url] for how to manually pass cookies. Also see [redacted-url] for tips on effectively exporting YouTube cookies,,2026-10-04T18:09:09.343615+00:00,https://api-partner.spotify.com/pathfinder/v1/query?operationName=queryArtistOverview,not explicitly supplied; anonymous server session,2026-10-05T12:13:16.795154+00:00,eb074f6e808836554ea474904473fc920bab039a,74a4c7c43a829018784f4c45728d0838ab2aa9e5
98,Sina Mafee,151,7sqnywamVUfDallF46rrkv,1,1,739povKrXI9XUHg3gMPAkT,Kheili Vaghte,pending,No corroborated credited acquisition profile yet; independent official links are required.,,2026-10-04T18:09:11.946305+00:00,https://api-partner.spotify.com/pathfinder/v1/query?operationName=queryArtistOverview,not explicitly supplied; anonymous server session,2026-10-05T12:13:16.795154+00:00,eb074f6e808836554ea474904473fc920bab039a,74a4c7c43a829018784f4c45728d0838ab2aa9e5
98,Sina Mafee,151,7sqnywamVUfDallF46rrkv,2,2,0G9YAZYeYxEKrODXHtwjJ8,Shol Tekoon,published,,36,2026-10-04T18:09:11.946305+00:00,https://api-partner.spotify.com/pathfinder/v1/query?operationName=queryArtistOverview,not explicitly supplied; anonymous server session,2026-10-05T12:13:16.795154+00:00,eb074f6e808836554ea474904473fc920bab039a,74a4c7c43a829018784f4c45728d0838ab2aa9e5
99,Catchybeatz,152,25JIQIFASUvrcnzFL9CQhZ,1,1,6zctI4eibSmLYcdCm3WNjb,Mituni Mage,reused,Alternate Spotify native identity reconciled to the same official recording; existing post reused.,20,2026-10-04T18:09:14.354194+00:00,https://api-partner.spotify.com/pathfinder/v1/query?operationName=queryArtistOverview,not explicitly supplied; anonymous server session,2026-10-05T12:13:16.795154+00:00,eb074f6e808836554ea474904473fc920bab039a,74a4c7c43a829018784f4c45728d0838ab2aa9e5
99,Catchybeatz,152,25JIQIFASUvrcnzFL9CQhZ,2,2,7wRd6TS0h8dpDBtzfjGdMw,Bavelamko,pending,No corroborated credited acquisition profile yet; independent official links are required.,,2026-10-04T18:09:14.354194+00:00,https://api-partner.spotify.com/pathfinder/v1/query?operationName=queryArtistOverview,not explicitly supplied; anonymous server session,2026-10-05T12:13:16.795154+00:00,eb074f6e808836554ea474904473fc920bab039a,74a4c7c43a829018784f4c45728d0838ab2aa9e5
100,Hamid Sefat,153,0hnMiXDRQxJYr0TuSpCuiI,1,1,7hVyV4bsKttmvPCPSRRTy1,Goolle,pending,No corroborated credited acquisition profile yet; independent official links are required.,,2026-10-04T18:09:16.989240+00:00,https://api-partner.spotify.com/pathfinder/v1/query?operationName=queryArtistOverview,not explicitly supplied; anonymous server session,2026-10-05T12:13:16.795154+00:00,eb074f6e808836554ea474904473fc920bab039a,74a4c7c43a829018784f4c45728d0838ab2aa9e5
100,Hamid Sefat,153,0hnMiXDRQxJYr0TuSpCuiI,2,2,633xvHgM8ixUoDVMrqzy3K,Satori,pending,No corroborated credited acquisition profile yet; independent official links are required.,,2026-10-04T18:09:16.989240+00:00,https://api-partner.spotify.com/pathfinder/v1/query?operationName=queryArtistOverview,not explicitly supplied; anonymous server session,2026-10-05T12:13:16.795154+00:00,eb074f6e808836554ea474904473fc920bab039a,74a4c7c43a829018784f4c45728d0838ab2aa9e5
101,Ali Ardavan,154,1j0dFZXmMgFlDAcjFh490M,1,1,74BCEuxc3dOxknpZo1wX4n,Ghalbe Banafsh,pending,No complete confidently matched recording in bounded verified catalogs/searches; inspect source/match evidence before manual upload. Provider access blocked: youtube: yt-dlp failed (1): ERROR: [youtube] MjXvzV3D-bM: Sign in to confirm you’re not a bot. Use --cookies-from-browser or --cookies for the authentication. See [redacted-url] for how to manually pass cookies. Also see [redacted-url] for tips on effectively exporting YouTube cookies,,2026-10-04T18:09:19.305469+00:00,https://api-partner.spotify.com/pathfinder/v1/query?operationName=queryArtistOverview,not explicitly supplied; anonymous server session,2026-10-05T12:13:16.795154+00:00,eb074f6e808836554ea474904473fc920bab039a,74a4c7c43a829018784f4c45728d0838ab2aa9e5
101,Ali Ardavan,154,1j0dFZXmMgFlDAcjFh490M,2,2,1hbTP58J4g5Csg7TL7FA0x,Fasele,pending,No complete confidently matched recording in bounded verified catalogs/searches; inspect source/match evidence before manual upload. Provider access blocked: youtube: yt-dlp failed (1): ERROR: [youtube] MjXvzV3D-bM: Sign in to confirm you’re not a bot. Use --cookies-from-browser or --cookies for the authentication. See [redacted-url] for how to manually pass cookies. Also see [redacted-url] for tips on effectively exporting YouTube cookies,,2026-10-04T18:09:19.305469+00:00,https://api-partner.spotify.com/pathfinder/v1/query?operationName=queryArtistOverview,not explicitly supplied; anonymous server session,2026-10-05T12:13:16.795154+00:00,eb074f6e808836554ea474904473fc920bab039a,74a4c7c43a829018784f4c45728d0838ab2aa9e5
102,Bamdad,155,28PKM2pUlv1CXnc98XFVrY,1,1,3TNZsHq3VpkLAetR6wSwhZ,Dayere,pending,No corroborated credited acquisition profile yet; independent official links are required.,,2026-10-04T18:09:21.554391+00:00,https://api-partner.spotify.com/pathfinder/v1/query?operationName=queryArtistOverview,not explicitly supplied; anonymous server session,2026-10-05T12:13:16.795154+00:00,eb074f6e808836554ea474904473fc920bab039a,74a4c7c43a829018784f4c45728d0838ab2aa9e5
102,Bamdad,155,28PKM2pUlv1CXnc98XFVrY,2,2,1hnS99tMi7OoGDxYA6ZgxR,Movaghat,pending,No corroborated credited acquisition profile yet; independent official links are required.,,2026-10-04T18:09:21.554391+00:00,https://api-partner.spotify.com/pathfinder/v1/query?operationName=queryArtistOverview,not explicitly supplied; anonymous server session,2026-10-05T12:13:16.795154+00:00,eb074f6e808836554ea474904473fc920bab039a,74a4c7c43a829018784f4c45728d0838ab2aa9e5
103,Dariu$h,156,3HQedAYh7K5YW4MD108gP3,1,1,0jxMqx0p3WERVycfvQc0Gv,VICE CITY,pending,No corroborated credited acquisition profile yet; independent official links are required.,,2026-10-04T18:09:23.807449+00:00,https://api-partner.spotify.com/pathfinder/v1/query?operationName=queryArtistOverview,not explicitly supplied; anonymous server session,2026-10-05T12:13:16.795154+00:00,eb074f6e808836554ea474904473fc920bab039a,74a4c7c43a829018784f4c45728d0838ab2aa9e5
103,Dariu$h,156,3HQedAYh7K5YW4MD108gP3,2,2,3En0pgUFX5CGbKFrQZetKr,TASLIAT,pending,No complete confidently matched recording in bounded verified catalogs/searches; inspect source/match evidence before manual upload. Provider access blocked: youtube: yt-dlp failed (1): ERROR: [youtube] MjXvzV3D-bM: Sign in to confirm you’re not a bot. Use --cookies-from-browser or --cookies for the authentication. See [redacted-url] for how to manually pass cookies. Also see [redacted-url] for tips on effectively exporting YouTube cookies,,2026-10-04T18:09:23.807449+00:00,https://api-partner.spotify.com/pathfinder/v1/query?operationName=queryArtistOverview,not explicitly supplied; anonymous server session,2026-10-05T12:13:16.795154+00:00,eb074f6e808836554ea474904473fc920bab039a,74a4c7c43a829018784f4c45728d0838ab2aa9e5
104,Parsalip,157,3HdBTStjnFIoDKFSUQ0V1H,1,1,77O1ybRLidgtecTv7HPhUr,Khaterate Bad,pending,No complete confidently matched recording in bounded verified catalogs/searches; inspect source/match evidence before manual upload. Provider access blocked: youtube: yt-dlp failed (1): ERROR: [youtube] MjXvzV3D-bM: Sign in to confirm you’re not a bot. Use --cookies-from-browser or --cookies for the authentication. See [redacted-url] for how to manually pass cookies. Also see [redacted-url] for tips on effectively exporting YouTube cookies,,2026-10-04T18:09:27.419445+00:00,https://api-partner.spotify.com/pathfinder/v1/query?operationName=queryArtistOverview,not explicitly supplied; anonymous server session,2026-10-05T12:13:16.795154+00:00,eb074f6e808836554ea474904473fc920bab039a,74a4c7c43a829018784f4c45728d0838ab2aa9e5
104,Parsalip,157,3HdBTStjnFIoDKFSUQ0V1H,2,2,7vq4wOcaPYtC6Ji8TnbSqO,Chivaz,pending,No corroborated credited acquisition profile yet; independent official links are required.,,2026-10-04T18:09:27.419445+00:00,https://api-partner.spotify.com/pathfinder/v1/query?operationName=queryArtistOverview,not explicitly supplied; anonymous server session,2026-10-05T12:13:16.795154+00:00,eb074f6e808836554ea474904473fc920bab039a,74a4c7c43a829018784f4c45728d0838ab2aa9e5
105,Putak,158,1VURARf1CD5wkFgIexChyq,1,1,7op5W1dOrGUj8C3iTgZjxS,Okay,published,,37,2026-10-04T18:09:29.888209+00:00,https://api-partner.spotify.com/pathfinder/v1/query?operationName=queryArtistOverview,not explicitly supplied; anonymous server session,2026-10-05T12:13:16.795154+00:00,eb074f6e808836554ea474904473fc920bab039a,74a4c7c43a829018784f4c45728d0838ab2aa9e5
105,Putak,158,1VURARf1CD5wkFgIexChyq,2,2,2QS5ShqZH5CsoWCAR2h2yZ,Helia,pending,No complete confidently matched recording in bounded verified catalogs/searches; inspect source/match evidence before manual upload. Provider access blocked: youtube: yt-dlp failed (1): ERROR: [youtube] MjXvzV3D-bM: Sign in to confirm you’re not a bot. Use --cookies-from-browser or --cookies for the authentication. See [redacted-url] for how to manually pass cookies. Also see [redacted-url] for tips on effectively exporting YouTube cookies,,2026-10-04T18:09:29.888209+00:00,https://api-partner.spotify.com/pathfinder/v1/query?operationName=queryArtistOverview,not explicitly supplied; anonymous server session,2026-10-05T12:13:16.795154+00:00,eb074f6e808836554ea474904473fc920bab039a,74a4c7c43a829018784f4c45728d0838ab2aa9e5
106,Daniyal,160,0bRZzB4e6Yj3B64Rcbs1vd,1,1,7HMMC4y689OU9L64qa8dFH,2 Ghotbi,pending,No corroborated credited acquisition profile yet; independent official links are required.,,2026-10-04T18:09:32.143922+00:00,https://api-partner.spotify.com/pathfinder/v1/query?operationName=queryArtistOverview,not explicitly supplied; anonymous server session,2026-10-05T12:13:16.795154+00:00,eb074f6e808836554ea474904473fc920bab039a,74a4c7c43a829018784f4c45728d0838ab2aa9e5
106,Daniyal,160,0bRZzB4e6Yj3B64Rcbs1vd,2,2,0Oft58xipYKJwELZuLvo7l,Bipolar,pending,No corroborated credited acquisition profile yet; independent official links are required.,,2026-10-04T18:09:32.143922+00:00,https://api-partner.spotify.com/pathfinder/v1/query?operationName=queryArtistOverview,not explicitly supplied; anonymous server session,2026-10-05T12:13:16.795154+00:00,eb074f6e808836554ea474904473fc920bab039a,74a4c7c43a829018784f4c45728d0838ab2aa9e5
107,Sami Low,162,4mST4sikQtpiH5dIkRxaCT,1,1,5EonQ7uCpBEKMuaCwtaXkE,Extasy,pending,No complete confidently matched recording in bounded verified catalogs/searches; inspect source/match evidence before manual upload. Provider access blocked: youtube: yt-dlp failed (1): ERROR: [youtube] MjXvzV3D-bM: Sign in to confirm you’re not a bot. Use --cookies-from-browser or --cookies for the authentication. See [redacted-url] for how to manually pass cookies. Also see [redacted-url] for tips on effectively exporting YouTube cookies,,2026-10-04T18:09:35.041093+00:00,https://api-partner.spotify.com/pathfinder/v1/query?operationName=queryArtistOverview,not explicitly supplied; anonymous server session,2026-10-05T12:13:16.795154+00:00,eb074f6e808836554ea474904473fc920bab039a,74a4c7c43a829018784f4c45728d0838ab2aa9e5
107,Sami Low,162,4mST4sikQtpiH5dIkRxaCT,2,2,5Ddxv3Fw7XegdM1aHl89Nf,Azizam,published,,7,2026-10-04T18:09:35.041093+00:00,https://api-partner.spotify.com/pathfinder/v1/query?operationName=queryArtistOverview,not explicitly supplied; anonymous server session,2026-10-05T12:13:16.795154+00:00,eb074f6e808836554ea474904473fc920bab039a,74a4c7c43a829018784f4c45728d0838ab2aa9e5
108,Safir,164,5UvGzlSJuUhWwH6NojEKy2,1,1,0S3cJk2BDMDAm2OCRwkveq,Culture Mord,pending,No corroborated credited acquisition profile yet; independent official links are required.,,2026-10-04T18:09:37.486552+00:00,https://api-partner.spotify.com/pathfinder/v1/query?operationName=queryArtistOverview,not explicitly supplied; anonymous server session,2026-10-05T12:13:16.795154+00:00,eb074f6e808836554ea474904473fc920bab039a,74a4c7c43a829018784f4c45728d0838ab2aa9e5
108,Safir,164,5UvGzlSJuUhWwH6NojEKy2,2,2,3tsXzJUzFyOVvw9gJH0wpm,Abraa,pending,No corroborated credited acquisition profile yet; independent official links are required.,,2026-10-04T18:09:37.486552+00:00,https://api-partner.spotify.com/pathfinder/v1/query?operationName=queryArtistOverview,not explicitly supplied; anonymous server session,2026-10-05T12:13:16.795154+00:00,eb074f6e808836554ea474904473fc920bab039a,74a4c7c43a829018784f4c45728d0838ab2aa9e5
109,Eycin,165,3jXjY8STCMtS1T6d7xdw0r,1,1,4Ox6ets4QFmFlFwNTPzKlW,Chizi Namonde,pending,No complete confidently matched recording in bounded verified catalogs/searches; inspect source/match evidence before manual upload. Provider access blocked: youtube: yt-dlp failed (1): ERROR: [youtube] MjXvzV3D-bM: Sign in to confirm you’re not a bot. Use --cookies-from-browser or --cookies for the authentication. See [redacted-url] for how to manually pass cookies. Also see [redacted-url] for tips on effectively exporting YouTube cookies,,2026-10-04T18:09:40.261678+00:00,https://api-partner.spotify.com/pathfinder/v1/query?operationName=queryArtistOverview,not explicitly supplied; anonymous server session,2026-10-05T12:13:16.795154+00:00,eb074f6e808836554ea474904473fc920bab039a,74a4c7c43a829018784f4c45728d0838ab2aa9e5
109,Eycin,165,3jXjY8STCMtS1T6d7xdw0r,2,2,6YI2TDXh2u9ZF0YIfVLfKs,Azmayeshgah S3-8,pending,No complete confidently matched recording in bounded verified catalogs/searches; inspect source/match evidence before manual upload. Provider access blocked: youtube: yt-dlp failed (1): ERROR: [youtube] MjXvzV3D-bM: Sign in to confirm you’re not a bot. Use --cookies-from-browser or --cookies for the authentication. See [redacted-url] for how to manually pass cookies. Also see [redacted-url] for tips on effectively exporting YouTube cookies,,2026-10-04T18:09:40.261678+00:00,https://api-partner.spotify.com/pathfinder/v1/query?operationName=queryArtistOverview,not explicitly supplied; anonymous server session,2026-10-05T12:13:16.795154+00:00,eb074f6e808836554ea474904473fc920bab039a,74a4c7c43a829018784f4c45728d0838ab2aa9e5
110,Dalu,167,0BX4QfYgm05DzBJyA6hqVJ,1,1,2KiM2GsvNZYDFQrd44JoU1,Mano Mishnasi,pending,No corroborated credited acquisition profile yet; independent official links are required.,,2026-10-04T18:09:43.321572+00:00,https://api-partner.spotify.com/pathfinder/v1/query?operationName=queryArtistOverview,not explicitly supplied; anonymous server session,2026-10-05T12:13:16.795154+00:00,eb074f6e808836554ea474904473fc920bab039a,74a4c7c43a829018784f4c45728d0838ab2aa9e5
110,Dalu,167,0BX4QfYgm05DzBJyA6hqVJ,2,2,6Lad9NUed4hy1xv9f50EB0,Donyaye Movazi,pending,No corroborated credited acquisition profile yet; independent official links are required.,,2026-10-04T18:09:43.321572+00:00,https://api-partner.spotify.com/pathfinder/v1/query?operationName=queryArtistOverview,not explicitly supplied; anonymous server session,2026-10-05T12:13:16.795154+00:00,eb074f6e808836554ea474904473fc920bab039a,74a4c7c43a829018784f4c45728d0838ab2aa9e5
111,Amir Ribar,168,1pi0dvF0ZMfD1d1KdR2r21,1,1,4YLOG5MJyu4uUxdJ1PofWw,Kheshab,pending,No corroborated credited acquisition profile yet; independent official links are required.,,2026-10-04T18:09:45.518743+00:00,https://api-partner.spotify.com/pathfinder/v1/query?operationName=queryArtistOverview,not explicitly supplied; anonymous server session,2026-10-05T12:13:16.795154+00:00,eb074f6e808836554ea474904473fc920bab039a,74a4c7c43a829018784f4c45728d0838ab2aa9e5
111,Amir Ribar,168,1pi0dvF0ZMfD1d1KdR2r21,2,2,6MQLot6mPdaDnfIO6ump2o,Labriz,pending,No corroborated credited acquisition profile yet; independent official links are required.,,2026-10-04T18:09:45.518743+00:00,https://api-partner.spotify.com/pathfinder/v1/query?operationName=queryArtistOverview,not explicitly supplied; anonymous server session,2026-10-05T12:13:16.795154+00:00,eb074f6e808836554ea474904473fc920bab039a,74a4c7c43a829018784f4c45728d0838ab2aa9e5
112,Shapur,170,6kbLiMnkNZHlvMpTv5iK9h,1,1,2s4yAudwExcQo1k7HBPDsM,Marg Bar Kolle Nezam,pending,No corroborated credited acquisition profile yet; independent official links are required.,,2026-10-04T18:09:47.848495+00:00,https://api-partner.spotify.com/pathfinder/v1/query?operationName=queryArtistOverview,not explicitly supplied; anonymous server session,2026-10-05T12:13:16.795154+00:00,eb074f6e808836554ea474904473fc920bab039a,74a4c7c43a829018784f4c45728d0838ab2aa9e5
112,Shapur,170,6kbLiMnkNZHlvMpTv5iK9h,2,2,4Cfs8RDYaGaJ5GjmoEL2zc,Ghasem Kojayi?,pending,No corroborated credited acquisition profile yet; independent official links are required.,,2026-10-04T18:09:47.848495+00:00,https://api-partner.spotify.com/pathfinder/v1/query?operationName=queryArtistOverview,not explicitly supplied; anonymous server session,2026-10-05T12:13:16.795154+00:00,eb074f6e808836554ea474904473fc920bab039a,74a4c7c43a829018784f4c45728d0838ab2aa9e5
113,Masin,171,0QKP5an5PwgDyG0QPsLRxe,1,1,4SXDHt5OUIILSClBx5EtII,Jenab Sarvan,pending,No complete confidently matched recording in bounded verified catalogs/searches; inspect source/match evidence before manual upload. Provider access blocked: youtube: yt-dlp failed (1): ERROR: [youtube] MjXvzV3D-bM: Sign in to confirm you’re not a bot. Use --cookies-from-browser or --cookies for the authentication. See [redacted-url] for how to manually pass cookies. Also see [redacted-url] for tips on effectively exporting YouTube cookies,,2026-10-04T18:09:52.980081+00:00,https://api-partner.spotify.com/pathfinder/v1/query?operationName=queryArtistOverview,not explicitly supplied; anonymous server session,2026-10-05T12:13:16.795154+00:00,eb074f6e808836554ea474904473fc920bab039a,74a4c7c43a829018784f4c45728d0838ab2aa9e5
113,Masin,171,0QKP5an5PwgDyG0QPsLRxe,2,2,7MayY1yz6a5FDx757hMn0x,Be Mula,reused,Alternate Spotify native identity reconciled to the same official recording; existing post reused.,10,2026-10-04T18:09:52.980081+00:00,https://api-partner.spotify.com/pathfinder/v1/query?operationName=queryArtistOverview,not explicitly supplied; anonymous server session,2026-10-05T12:13:16.795154+00:00,eb074f6e808836554ea474904473fc920bab039a,74a4c7c43a829018784f4c45728d0838ab2aa9e5
114,Young Sudden,173,0PGOS7VHyBpbxRhWgO4tZB,1,1,5I9EVK81FtHXQCh4sV6fu7,Vel Besho,published,,38,2026-10-04T18:09:55.172360+00:00,https://api-partner.spotify.com/pathfinder/v1/query?operationName=queryArtistOverview,not explicitly supplied; anonymous server session,2026-10-05T12:13:16.795154+00:00,eb074f6e808836554ea474904473fc920bab039a,74a4c7c43a829018784f4c45728d0838ab2aa9e5
114,Young Sudden,173,0PGOS7VHyBpbxRhWgO4tZB,2,2,14FKMhmKII6JOMzjtKly0o,Tequila,pending,No complete confidently matched recording in bounded verified catalogs/searches; inspect source/match evidence before manual upload. Provider access blocked: youtube: yt-dlp failed (1): ERROR: [youtube] MjXvzV3D-bM: Sign in to confirm you’re not a bot. Use --cookies-from-browser or --cookies for the authentication. See [redacted-url] for how to manually pass cookies. Also see [redacted-url] for tips on effectively exporting YouTube cookies,,2026-10-04T18:09:55.172360+00:00,https://api-partner.spotify.com/pathfinder/v1/query?operationName=queryArtistOverview,not explicitly supplied; anonymous server session,2026-10-05T12:13:16.795154+00:00,eb074f6e808836554ea474904473fc920bab039a,74a4c7c43a829018784f4c45728d0838ab2aa9e5
115,Naaji,174,0RUqk7JT0uRkJSL2VNytz2,1,1,25cUoPBHEpPXPgSR5rP2C4,Vasiat 2,pending,No complete confidently matched recording in bounded verified catalogs/searches; inspect source/match evidence before manual upload. Provider access blocked: youtube: yt-dlp failed (1): ERROR: [youtube] MjXvzV3D-bM: Sign in to confirm you’re not a bot. Use --cookies-from-browser or --cookies for the authentication. See [redacted-url] for how to manually pass cookies. Also see [redacted-url] for tips on effectively exporting YouTube cookies,,2026-10-04T18:09:57.814930+00:00,https://api-partner.spotify.com/pathfinder/v1/query?operationName=queryArtistOverview,not explicitly supplied; anonymous server session,2026-10-05T12:13:16.795154+00:00,eb074f6e808836554ea474904473fc920bab039a,74a4c7c43a829018784f4c45728d0838ab2aa9e5
115,Naaji,174,0RUqk7JT0uRkJSL2VNytz2,2,2,6cTpECSPTFZV5nLQ2cXXdi,Tocka,pending,No complete confidently matched recording in bounded verified catalogs/searches; inspect source/match evidence before manual upload. Provider access blocked: youtube: yt-dlp failed (1): ERROR: [youtube] MjXvzV3D-bM: Sign in to confirm you’re not a bot. Use --cookies-from-browser or --cookies for the authentication. See [redacted-url] for how to manually pass cookies. Also see [redacted-url] for tips on effectively exporting YouTube cookies,,2026-10-04T18:09:57.814930+00:00,https://api-partner.spotify.com/pathfinder/v1/query?operationName=queryArtistOverview,not explicitly supplied; anonymous server session,2026-10-05T12:13:16.795154+00:00,eb074f6e808836554ea474904473fc920bab039a,74a4c7c43a829018784f4c45728d0838ab2aa9e5
116,Ali Geramy,176,5C2k7gNXFOiW09K3nCjBmq,1,1,5yVDZrx2mMLgZUPOkA8w8y,Flick Shot!,pending,No corroborated credited acquisition profile yet; independent official links are required.,,2026-10-04T18:10:00.851415+00:00,https://api-partner.spotify.com/pathfinder/v1/query?operationName=queryArtistOverview,not explicitly supplied; anonymous server session,2026-10-05T12:13:16.795154+00:00,eb074f6e808836554ea474904473fc920bab039a,74a4c7c43a829018784f4c45728d0838ab2aa9e5
116,Ali Geramy,176,5C2k7gNXFOiW09K3nCjBmq,2,2,6agMNnIkwad5XSr92bws7U,SLEEP MODE,pending,No complete confidently matched recording in bounded verified catalogs/searches; inspect source/match evidence before manual upload. Provider access blocked: youtube: yt-dlp failed (1): ERROR: [youtube] MjXvzV3D-bM: Sign in to confirm you’re not a bot. Use --cookies-from-browser or --cookies for the authentication. See [redacted-url] for how to manually pass cookies. Also see [redacted-url] for tips on effectively exporting YouTube cookies,,2026-10-04T18:10:00.851415+00:00,https://api-partner.spotify.com/pathfinder/v1/query?operationName=queryArtistOverview,not explicitly supplied; anonymous server session,2026-10-05T12:13:16.795154+00:00,eb074f6e808836554ea474904473fc920bab039a,74a4c7c43a829018784f4c45728d0838ab2aa9e5
117,XWHISKY,177,4TO3iG7Rd36IKRcMVvPi2U,1,1,21pBpi8hHaO6WKomB6sBah,Sigar Teras,pending,No corroborated credited acquisition profile yet; independent official links are required.,,2026-10-04T18:10:03.384484+00:00,https://api-partner.spotify.com/pathfinder/v1/query?operationName=queryArtistOverview,not explicitly supplied; anonymous server session,2026-10-05T12:13:16.795154+00:00,eb074f6e808836554ea474904473fc920bab039a,74a4c7c43a829018784f4c45728d0838ab2aa9e5
117,XWHISKY,177,4TO3iG7Rd36IKRcMVvPi2U,2,2,4RPXDx12icN9MBMRfcrvg3,Zemestoone Ghabli,pending,No corroborated credited acquisition profile yet; independent official links are required.,,2026-10-04T18:10:03.384484+00:00,https://api-partner.spotify.com/pathfinder/v1/query?operationName=queryArtistOverview,not explicitly supplied; anonymous server session,2026-10-05T12:13:16.795154+00:00,eb074f6e808836554ea474904473fc920bab039a,74a4c7c43a829018784f4c45728d0838ab2aa9e5
118,Ashna,178,5Z0flsrz7Q8xJ2arSoYetY,1,1,1fwRC5drOgpTPVuxXQ6i0i,Nicotine,pending,No complete confidently matched recording in bounded verified catalogs/searches; inspect source/match evidence before manual upload. Provider access blocked: youtube: yt-dlp failed (1): ERROR: [youtube] MjXvzV3D-bM: Sign in to confirm you’re not a bot. Use --cookies-from-browser or --cookies for the authentication. See [redacted-url] for how to manually pass cookies. Also see [redacted-url] for tips on effectively exporting YouTube cookies,,2026-10-04T18:10:06.318752+00:00,https://api-partner.spotify.com/pathfinder/v1/query?operationName=queryArtistOverview,not explicitly supplied; anonymous server session,2026-10-05T12:13:16.795154+00:00,eb074f6e808836554ea474904473fc920bab039a,74a4c7c43a829018784f4c45728d0838ab2aa9e5
118,Ashna,178,5Z0flsrz7Q8xJ2arSoYetY,2,2,0hig0GToSfzsCEEKzvqw0A,Tanha Tari,published,,39,2026-10-04T18:10:06.318752+00:00,https://api-partner.spotify.com/pathfinder/v1/query?operationName=queryArtistOverview,not explicitly supplied; anonymous server session,2026-10-05T12:13:16.795154+00:00,eb074f6e808836554ea474904473fc920bab039a,74a4c7c43a829018784f4c45728d0838ab2aa9e5
119,Arman Miladi,180,3eqSr81gcNym9KLon3xcRR,1,1,4cd1aGMGvQzJ4FEUQQpFvs,Har Eshghi Mimirad,published,,25,2026-10-04T18:10:08.827673+00:00,https://api-partner.spotify.com/pathfinder/v1/query?operationName=queryArtistOverview,not explicitly supplied; anonymous server session,2026-10-05T12:13:16.795154+00:00,eb074f6e808836554ea474904473fc920bab039a,74a4c7c43a829018784f4c45728d0838ab2aa9e5
119,Arman Miladi,180,3eqSr81gcNym9KLon3xcRR,2,2,4SkeTCe5fvWK7GLptQyM8a,Highway,reused,Alternate Spotify native identity reconciled to the same official recording; existing post reused.,26,2026-10-04T18:10:08.827673+00:00,https://api-partner.spotify.com/pathfinder/v1/query?operationName=queryArtistOverview,not explicitly supplied; anonymous server session,2026-10-05T12:13:16.795154+00:00,eb074f6e808836554ea474904473fc920bab039a,74a4c7c43a829018784f4c45728d0838ab2aa9e5
120,Saaren,181,2VdBGJO1rhGtMucV91hkhk,1,1,4cd1aGMGvQzJ4FEUQQpFvs,Har Eshghi Mimirad,published,,25,2026-10-04T18:10:11.200041+00:00,https://api-partner.spotify.com/pathfinder/v1/query?operationName=queryArtistOverview,not explicitly supplied; anonymous server session,2026-10-05T12:13:16.795154+00:00,eb074f6e808836554ea474904473fc920bab039a,74a4c7c43a829018784f4c45728d0838ab2aa9e5
120,Saaren,181,2VdBGJO1rhGtMucV91hkhk,2,2,7yfdSguTt7NQ2C1Xg0R9dv,Befuckam,pending,No complete confidently matched recording in bounded verified catalogs/searches; inspect source/match evidence before manual upload. Provider access blocked: youtube: yt-dlp failed (1): ERROR: [youtube] MjXvzV3D-bM: Sign in to confirm you’re not a bot. Use --cookies-from-browser or --cookies for the authentication. See [redacted-url] for how to manually pass cookies. Also see [redacted-url] for tips on effectively exporting YouTube cookies,,2026-10-04T18:10:11.200041+00:00,https://api-partner.spotify.com/pathfinder/v1/query?operationName=queryArtistOverview,not explicitly supplied; anonymous server session,2026-10-05T12:13:16.795154+00:00,eb074f6e808836554ea474904473fc920bab039a,74a4c7c43a829018784f4c45728d0838ab2aa9e5
121,Heliyom,182,5GS60wuvILuGWpx9rMvRTQ,1,1,3i9myzue0yMmPbZpfnMS19,Road 61,pending,No corroborated credited acquisition profile yet; independent official links are required.,,2026-10-04T18:10:13.616483+00:00,https://api-partner.spotify.com/pathfinder/v1/query?operationName=queryArtistOverview,not explicitly supplied; anonymous server session,2026-10-05T12:13:16.795154+00:00,eb074f6e808836554ea474904473fc920bab039a,74a4c7c43a829018784f4c45728d0838ab2aa9e5
121,Heliyom,182,5GS60wuvILuGWpx9rMvRTQ,2,2,75RUP3gK3c03V0W8kPkwyc,Chikar Kardi,published,,40,2026-10-04T18:10:13.616483+00:00,https://api-partner.spotify.com/pathfinder/v1/query?operationName=queryArtistOverview,not explicitly supplied; anonymous server session,2026-10-05T12:13:16.795154+00:00,eb074f6e808836554ea474904473fc920bab039a,74a4c7c43a829018784f4c45728d0838ab2aa9e5
122,The Don,183,4rBWAKUMmLkl685zvk0LBH,1,1,6DiE7lghD6DXk0zi3FZc4o,Mano Vel Nakonia,pending,No corroborated credited acquisition profile yet; independent official links are required.,,2026-10-04T18:10:15.804589+00:00,https://api-partner.spotify.com/pathfinder/v1/query?operationName=queryArtistOverview,not explicitly supplied; anonymous server session,2026-10-05T12:13:16.795154+00:00,eb074f6e808836554ea474904473fc920bab039a,74a4c7c43a829018784f4c45728d0838ab2aa9e5
122,The Don,183,4rBWAKUMmLkl685zvk0LBH,2,2,7GYGUDEVY8L5IXgAxaLsFE,Man Tanham,pending,No corroborated credited acquisition profile yet; independent official links are required.,,2026-10-04T18:10:15.804589+00:00,https://api-partner.spotify.com/pathfinder/v1/query?operationName=queryArtistOverview,not explicitly supplied; anonymous server session,2026-10-05T12:13:16.795154+00:00,eb074f6e808836554ea474904473fc920bab039a,74a4c7c43a829018784f4c45728d0838ab2aa9e5
123,Isam,184,2oJHjkrwOU6fFBoDiW1jDP,1,1,0FLzWaEqNCnxR6yzzalIKO,Ta Betoonam,published,,27,2026-10-04T18:10:18.765563+00:00,https://api-partner.spotify.com/pathfinder/v1/query?operationName=queryArtistOverview,not explicitly supplied; anonymous server session,2026-10-05T12:13:16.795154+00:00,eb074f6e808836554ea474904473fc920bab039a,74a4c7c43a829018784f4c45728d0838ab2aa9e5
123,Isam,184,2oJHjkrwOU6fFBoDiW1jDP,2,2,5IlhdUHCCbWCwRaUKE47Q7,Mesle Ghablan,published,,41,2026-10-04T18:10:18.765563+00:00,https://api-partner.spotify.com/pathfinder/v1/query?operationName=queryArtistOverview,not explicitly supplied; anonymous server session,2026-10-05T12:13:16.795154+00:00,eb074f6e808836554ea474904473fc920bab039a,74a4c7c43a829018784f4c45728d0838ab2aa9e5
124,Arown,185,428w7JnH39SnN1ZejXhPmE,1,1,4SkeTCe5fvWK7GLptQyM8a,Highway,reused,Alternate Spotify native identity reconciled to the same official recording; existing post reused.,26,2026-10-04T18:10:21.822027+00:00,https://api-partner.spotify.com/pathfinder/v1/query?operationName=queryArtistOverview,not explicitly supplied; anonymous server session,2026-10-05T12:13:16.795154+00:00,eb074f6e808836554ea474904473fc920bab039a,74a4c7c43a829018784f4c45728d0838ab2aa9e5
124,Arown,185,428w7JnH39SnN1ZejXhPmE,2,2,0kEcK7JzpVxDCkyBh7RicT,LEAVE,pending,No corroborated credited acquisition profile yet; independent official links are required.,,2026-10-04T18:10:21.822027+00:00,https://api-partner.spotify.com/pathfinder/v1/query?operationName=queryArtistOverview,not explicitly supplied; anonymous server session,2026-10-05T12:13:16.795154+00:00,eb074f6e808836554ea474904473fc920bab039a,74a4c7c43a829018784f4c45728d0838ab2aa9e5
125,Octave,186,78rQak8MeKSOo0smoQOSVE,1,1,4VgL0PmQS2B3c7W8tDjEb7,Baby Bebin Baroone,pending,No complete confidently matched recording in bounded verified catalogs/searches; inspect source/match evidence before manual upload. Provider access blocked: youtube: yt-dlp failed (1): ERROR: [youtube] MjXvzV3D-bM: Sign in to confirm you’re not a bot. Use --cookies-from-browser or --cookies for the authentication. See [redacted-url] for how to manually pass cookies. Also see [redacted-url] for tips on effectively exporting YouTube cookies,,2026-10-04T18:10:24.164148+00:00,https://api-partner.spotify.com/pathfinder/v1/query?operationName=queryArtistOverview,not explicitly supplied; anonymous server session,2026-10-05T12:13:16.795154+00:00,eb074f6e808836554ea474904473fc920bab039a,74a4c7c43a829018784f4c45728d0838ab2aa9e5
125,Octave,186,78rQak8MeKSOo0smoQOSVE,2,2,4arhphrz1IRqJRuDVnjtcm,Doori o Doosti,pending,No complete confidently matched recording in bounded verified catalogs/searches; inspect source/match evidence before manual upload. Provider access blocked: youtube: yt-dlp failed (1): ERROR: [youtube] MjXvzV3D-bM: Sign in to confirm you’re not a bot. Use --cookies-from-browser or --cookies for the authentication. See [redacted-url] for how to manually pass cookies. Also see [redacted-url] for tips on effectively exporting YouTube cookies,,2026-10-04T18:10:24.164148+00:00,https://api-partner.spotify.com/pathfinder/v1/query?operationName=queryArtistOverview,not explicitly supplied; anonymous server session,2026-10-05T12:13:16.795154+00:00,eb074f6e808836554ea474904473fc920bab039a,74a4c7c43a829018784f4c45728d0838ab2aa9e5
126,Maslak,188,6ZWZCww4so7LacgTJiFTWb,1,1,01TpcaUkRLORtIQeP5OyFh,Dopamine,pending,No corroborated credited acquisition profile yet; independent official links are required.,,2026-10-04T18:10:26.722957+00:00,https://api-partner.spotify.com/pathfinder/v1/query?operationName=queryArtistOverview,not explicitly supplied; anonymous server session,2026-10-05T12:13:16.795154+00:00,eb074f6e808836554ea474904473fc920bab039a,74a4c7c43a829018784f4c45728d0838ab2aa9e5
126,Maslak,188,6ZWZCww4so7LacgTJiFTWb,2,2,0lWEF54v6SP7YcbAwllt6K,Mano Dari,pending,No corroborated credited acquisition profile yet; independent official links are required.,,2026-10-04T18:10:26.722957+00:00,https://api-partner.spotify.com/pathfinder/v1/query?operationName=queryArtistOverview,not explicitly supplied; anonymous server session,2026-10-05T12:13:16.795154+00:00,eb074f6e808836554ea474904473fc920bab039a,74a4c7c43a829018784f4c45728d0838ab2aa9e5
127,Shayan Yo,189,1auD6S9qViY72nLUvLrL6a,1,1,4dg45KS6u6MmE0rpiiuASt,Taghsire Mane,published,,47,2026-10-04T18:10:29.696017+00:00,https://api-partner.spotify.com/pathfinder/v1/query?operationName=queryArtistOverview,not explicitly supplied; anonymous server session,2026-10-05T12:13:16.795154+00:00,eb074f6e808836554ea474904473fc920bab039a,74a4c7c43a829018784f4c45728d0838ab2aa9e5
127,Shayan Yo,189,1auD6S9qViY72nLUvLrL6a,2,2,4c030lGkzcC5BSq83nBnpl,Babre Zakhmi,pending,No complete confidently matched recording in bounded verified catalogs/searches; inspect source/match evidence before manual upload. Provider access blocked: youtube: yt-dlp failed (1): ERROR: [youtube] MjXvzV3D-bM: Sign in to confirm you’re not a bot. Use --cookies-from-browser or --cookies for the authentication. See [redacted-url] for how to manually pass cookies. Also see [redacted-url] for tips on effectively exporting YouTube cookies,,2026-10-04T18:10:29.696017+00:00,https://api-partner.spotify.com/pathfinder/v1/query?operationName=queryArtistOverview,not explicitly supplied; anonymous server session,2026-10-05T12:13:16.795154+00:00,eb074f6e808836554ea474904473fc920bab039a,74a4c7c43a829018784f4c45728d0838ab2aa9e5
128,Parsa,191,34T7RZbXeBGkGRQEjKMRmE,1,1,1HeUD9YwRMWygv110ayqVo,Burn,published,,42,2026-10-04T18:10:32.174630+00:00,https://api-partner.spotify.com/pathfinder/v1/query?operationName=queryArtistOverview,not explicitly supplied; anonymous server session,2026-10-05T12:13:16.795154+00:00,eb074f6e808836554ea474904473fc920bab039a,74a4c7c43a829018784f4c45728d0838ab2aa9e5
128,Parsa,191,34T7RZbXeBGkGRQEjKMRmE,2,2,2M7bvTjVQRLj4MLLzhP8NZ,Dead Inside,published,,43,2026-10-04T18:10:32.174630+00:00,https://api-partner.spotify.com/pathfinder/v1/query?operationName=queryArtistOverview,not explicitly supplied; anonymous server session,2026-10-05T12:13:16.795154+00:00,eb074f6e808836554ea474904473fc920bab039a,74a4c7c43a829018784f4c45728d0838ab2aa9e5
129,Nazli Mcfian,192,5tLaq6yrpvEpoKyLoTbHoD,1,1,61gqLWOPfr9KytlMmrYNXl,yastıgımda saclar,pending,No complete confidently matched recording in bounded verified catalogs/searches; inspect source/match evidence before manual upload. Provider access blocked: youtube: yt-dlp failed (1): ERROR: [youtube] MjXvzV3D-bM: Sign in to confirm you’re not a bot. Use --cookies-from-browser or --cookies for the authentication. See [redacted-url] for how to manually pass cookies. Also see [redacted-url] for tips on effectively exporting YouTube cookies,,2026-10-04T18:10:35.421629+00:00,https://api-partner.spotify.com/pathfinder/v1/query?operationName=queryArtistOverview,not explicitly supplied; anonymous server session,2026-10-05T12:13:16.795154+00:00,eb074f6e808836554ea474904473fc920bab039a,74a4c7c43a829018784f4c45728d0838ab2aa9e5
129,Nazli Mcfian,192,5tLaq6yrpvEpoKyLoTbHoD,2,2,5d7nqsY4CWzAzHa9xWzvqu,WOA,pending,No complete confidently matched recording in bounded verified catalogs/searches; inspect source/match evidence before manual upload. Provider access blocked: youtube: yt-dlp failed (1): ERROR: [youtube] MjXvzV3D-bM: Sign in to confirm you’re not a bot. Use --cookies-from-browser or --cookies for the authentication. See [redacted-url] for how to manually pass cookies. Also see [redacted-url] for tips on effectively exporting YouTube cookies,,2026-10-04T18:10:35.421629+00:00,https://api-partner.spotify.com/pathfinder/v1/query?operationName=queryArtistOverview,not explicitly supplied; anonymous server session,2026-10-05T12:13:16.795154+00:00,eb074f6e808836554ea474904473fc920bab039a,74a4c7c43a829018784f4c45728d0838ab2aa9e5
130,Raha,193,0e6D1UNkt16eApxJuq0HaF,1,1,5EonQ7uCpBEKMuaCwtaXkE,Extasy,pending,No complete confidently matched recording in bounded verified catalogs/searches; inspect source/match evidence before manual upload. Provider access blocked: youtube: yt-dlp failed (1): ERROR: [youtube] MjXvzV3D-bM: Sign in to confirm you’re not a bot. Use --cookies-from-browser or --cookies for the authentication. See [redacted-url] for how to manually pass cookies. Also see [redacted-url] for tips on effectively exporting YouTube cookies,,2026-10-04T18:10:37.691658+00:00,https://api-partner.spotify.com/pathfinder/v1/query?operationName=queryArtistOverview,not explicitly supplied; anonymous server session,2026-10-05T12:13:16.795154+00:00,eb074f6e808836554ea474904473fc920bab039a,74a4c7c43a829018784f4c45728d0838ab2aa9e5
130,Raha,193,0e6D1UNkt16eApxJuq0HaF,2,2,3aSFqVL6DbEBptszWBT8LZ,Del,pending,No complete confidently matched recording in bounded verified catalogs/searches; inspect source/match evidence before manual upload. Provider access blocked: youtube: yt-dlp failed (1): ERROR: [youtube] MjXvzV3D-bM: Sign in to confirm you’re not a bot. Use --cookies-from-browser or --cookies for the authentication. See [redacted-url] for how to manually pass cookies. Also see [redacted-url] for tips on effectively exporting YouTube cookies,,2026-10-04T18:10:37.691658+00:00,https://api-partner.spotify.com/pathfinder/v1/query?operationName=queryArtistOverview,not explicitly supplied; anonymous server session,2026-10-05T12:13:16.795154+00:00,eb074f6e808836554ea474904473fc920bab039a,74a4c7c43a829018784f4c45728d0838ab2aa9e5
131,Matin Fattahi,194,4ymFcVI8Yr4vK8xx2ybmLI,1,1,20VEbDaapZbYwBcktoUXVT,YE ROO,pending,No complete confidently matched recording in bounded verified catalogs/searches; inspect source/match evidence before manual upload. Provider access blocked: youtube: yt-dlp failed (1): ERROR: [youtube] MjXvzV3D-bM: Sign in to confirm you’re not a bot. Use --cookies-from-browser or --cookies for the authentication. See [redacted-url] for how to manually pass cookies. Also see [redacted-url] for tips on effectively exporting YouTube cookies,,2026-10-04T18:10:40.139147+00:00,https://api-partner.spotify.com/pathfinder/v1/query?operationName=queryArtistOverview,not explicitly supplied; anonymous server session,2026-10-05T12:13:16.795154+00:00,eb074f6e808836554ea474904473fc920bab039a,74a4c7c43a829018784f4c45728d0838ab2aa9e5
131,Matin Fattahi,194,4ymFcVI8Yr4vK8xx2ybmLI,2,2,6agMNnIkwad5XSr92bws7U,SLEEP MODE,pending,No complete confidently matched recording in bounded verified catalogs/searches; inspect source/match evidence before manual upload. Provider access blocked: youtube: yt-dlp failed (1): ERROR: [youtube] MjXvzV3D-bM: Sign in to confirm you’re not a bot. Use --cookies-from-browser or --cookies for the authentication. See [redacted-url] for how to manually pass cookies. Also see [redacted-url] for tips on effectively exporting YouTube cookies,,2026-10-04T18:10:40.139147+00:00,https://api-partner.spotify.com/pathfinder/v1/query?operationName=queryArtistOverview,not explicitly supplied; anonymous server session,2026-10-05T12:13:16.795154+00:00,eb074f6e808836554ea474904473fc920bab039a,74a4c7c43a829018784f4c45728d0838ab2aa9e5
132,021kid,196,578d6XzxI0bCSi49dK0Qpx,1,1,4QdX69C5RiZGP2SHqU9wMX,CATALAN,pending,No complete confidently matched recording in bounded verified catalogs/searches; inspect source/match evidence before manual upload. Provider access blocked: youtube: yt-dlp failed (1): ERROR: [youtube] MjXvzV3D-bM: Sign in to confirm you’re not a bot. Use --cookies-from-browser or --cookies for the authentication. See [redacted-url] for how to manually pass cookies. Also see [redacted-url] for tips on effectively exporting YouTube cookies,,2026-10-04T18:10:43.127698+00:00,https://api-partner.spotify.com/pathfinder/v1/query?operationName=queryArtistOverview,not explicitly supplied; anonymous server session,2026-10-05T12:13:16.795154+00:00,eb074f6e808836554ea474904473fc920bab039a,74a4c7c43a829018784f4c45728d0838ab2aa9e5
132,021kid,196,578d6XzxI0bCSi49dK0Qpx,2,2,0hb1mMmnRcupxuZqQFhNGK,Beri,published,,13,2026-10-04T18:10:43.127698+00:00,https://api-partner.spotify.com/pathfinder/v1/query?operationName=queryArtistOverview,not explicitly supplied; anonymous server session,2026-10-05T12:13:16.795154+00:00,eb074f6e808836554ea474904473fc920bab039a,74a4c7c43a829018784f4c45728d0838ab2aa9e5
133,Mehyad,198,2uGqYbaqHFEiKFOwfW0mUG,1,1,2spn7u6N91SQlSsHoTj9xR,Nabasham,pending,No corroborated credited acquisition profile yet; independent official links are required.,,2026-10-04T18:10:45.701593+00:00,https://api-partner.spotify.com/pathfinder/v1/query?operationName=queryArtistOverview,not explicitly supplied; anonymous server session,2026-10-05T12:13:16.795154+00:00,eb074f6e808836554ea474904473fc920bab039a,74a4c7c43a829018784f4c45728d0838ab2aa9e5
133,Mehyad,198,2uGqYbaqHFEiKFOwfW0mUG,2,2,1fVo9Eu24SXDw5CPmAlAAa,Mese Sam,pending,No corroborated credited acquisition profile yet; independent official links are required.,,2026-10-04T18:10:45.701593+00:00,https://api-partner.spotify.com/pathfinder/v1/query?operationName=queryArtistOverview,not explicitly supplied; anonymous server session,2026-10-05T12:13:16.795154+00:00,eb074f6e808836554ea474904473fc920bab039a,74a4c7c43a829018784f4c45728d0838ab2aa9e5
134,Alipasha,199,3uVb2GNMjiwv3talHFUvC1,1,1,5O3jZIEoHTAfwzz2pzMDBR,Door Azin Shahr,published,,44,2026-10-04T18:10:48.533065+00:00,https://api-partner.spotify.com/pathfinder/v1/query?operationName=queryArtistOverview,not explicitly supplied; anonymous server session,2026-10-05T12:13:16.795154+00:00,eb074f6e808836554ea474904473fc920bab039a,74a4c7c43a829018784f4c45728d0838ab2aa9e5
134,Alipasha,199,3uVb2GNMjiwv3talHFUvC1,2,2,6BQ5geV0pie2byvekYlNaB,Kojayi,published,,45,2026-10-04T18:10:48.533065+00:00,https://api-partner.spotify.com/pathfinder/v1/query?operationName=queryArtistOverview,not explicitly supplied; anonymous server session,2026-10-05T12:13:16.795154+00:00,eb074f6e808836554ea474904473fc920bab039a,74a4c7c43a829018784f4c45728d0838ab2aa9e5
135,Tlkhoon,201,7rLK6i7WTUayoYIaudyxD7,1,1,2EdDl1eIUeslsDtauLSSqa,Ajibe!,pending,No corroborated credited acquisition profile yet; independent official links are required.,,2026-10-04T18:10:51.381428+00:00,https://api-partner.spotify.com/pathfinder/v1/query?operationName=queryArtistOverview,not explicitly supplied; anonymous server session,2026-10-05T12:13:16.795154+00:00,eb074f6e808836554ea474904473fc920bab039a,74a4c7c43a829018784f4c45728d0838ab2aa9e5
135,Tlkhoon,201,7rLK6i7WTUayoYIaudyxD7,2,2,32xQkDh3INkWDqFYOdpZdP,Havasam,pending,No complete confidently matched recording in bounded verified catalogs/searches; inspect source/match evidence before manual upload. Provider access blocked: youtube: yt-dlp failed (1): ERROR: [youtube] MjXvzV3D-bM: Sign in to confirm you’re not a bot. Use --cookies-from-browser or --cookies for the authentication. See [redacted-url] for how to manually pass cookies. Also see [redacted-url] for tips on effectively exporting YouTube cookies,,2026-10-04T18:10:51.381428+00:00,https://api-partner.spotify.com/pathfinder/v1/query?operationName=queryArtistOverview,not explicitly supplied; anonymous server session,2026-10-05T12:13:16.795154+00:00,eb074f6e808836554ea474904473fc920bab039a,74a4c7c43a829018784f4c45728d0838ab2aa9e5
136,Pouriya Adroit,202,7lH1vL9VXRSTutpZ0JOyim,1,1,4zLfBK3fJ2uScxol7KpoVD,WARCRAFT,published,,46,2026-10-04T18:10:53.566699+00:00,https://api-partner.spotify.com/pathfinder/v1/query?operationName=queryArtistOverview,not explicitly supplied; anonymous server session,2026-10-05T12:13:16.795154+00:00,eb074f6e808836554ea474904473fc920bab039a,74a4c7c43a829018784f4c45728d0838ab2aa9e5
136,Pouriya Adroit,202,7lH1vL9VXRSTutpZ0JOyim,2,2,6D3lXsWqtnE7K1ukW9rL9Q,ADLIB,pending,No complete confidently matched recording in bounded verified catalogs/searches; inspect source/match evidence before manual upload. Provider access blocked: youtube: yt-dlp failed (1): ERROR: [youtube] MjXvzV3D-bM: Sign in to confirm you’re not a bot. Use --cookies-from-browser or --cookies for the authentication. See [redacted-url] for how to manually pass cookies. Also see [redacted-url] for tips on effectively exporting YouTube cookies,,2026-10-04T18:10:53.566699+00:00,https://api-partner.spotify.com/pathfinder/v1/query?operationName=queryArtistOverview,not explicitly supplied; anonymous server session,2026-10-05T12:13:16.795154+00:00,eb074f6e808836554ea474904473fc920bab039a,74a4c7c43a829018784f4c45728d0838ab2aa9e5
